JOURNEY_ID;Route;Number_of_stops;Direction;Start;Start_time_Planned;Start_time_Real;End;End_time_Planned;End_time_Real
85:151:1;Route_B;23;R;Lausanne, Maladière;2025-03-01 05:10:00;2025-03-01 05:10:08;Lausanne, Blécherette;2025-03-01 05:38:00;2025-03-01 05:37:21
85:151:9;Route_A;21;O;Lausanne, Blécherette;2025-03-01 05:12:00;2025-03-01 05:12:09;Lausanne, Maladière;2025-03-01 05:39:00;2025-03-01 05:38:07
85:151:30;Route_B;23;R;Lausanne, Maladière;2025-03-01 05:25:00;2025-03-01 05:25:11;Lausanne, Blécherette;2025-03-01 05:53:00;2025-03-01 05:53:01
85:151:60;Route_A;21;O;Lausanne, Blécherette;2025-03-01 05:27:00;2025-03-01 05:27:32;Lausanne, Maladière;2025-03-01 05:54:00;2025-03-01 05:52:51
85:151:83;Route_B;23;R;Lausanne, Maladière;2025-03-01 05:40:00;2025-03-01 05:40:00;Lausanne, Blécherette;2025-03-01 06:08:00;2025-03-01 06:06:42
85:151:2;Route_A;21;O;Lausanne, Blécherette;2025-03-01 05:42:00;2025-03-01 05:42:00;Lausanne, Maladière;2025-03-01 06:09:00;2025-03-01 06:08:21
85:151:10;Route_B;23;R;Lausanne, Maladière;2025-03-01 05:55:00;2025-03-01 05:55:48;Lausanne, Blécherette;2025-03-01 06:24:00;2025-03-01 06:23:27
85:151:31;Route_D;31;O;Lausanne, Blécherette;2025-03-01 05:57:00;2025-03-01 05:57:28;Ecublens VD, EPFL/Colladon;2025-03-01 06:34:00;2025-03-01 06:33:06
85:151:107;Route_E;22;O;Lausanne, Bel-Air;2025-03-01 05:59:00;2025-03-01 05:57:47;Ecublens VD, EPFL/Colladon;2025-03-01 06:25:00;2025-03-01 06:23:52
85:151:61;Route_B;23;R;Lausanne, Maladière;2025-03-01 06:10:00;2025-03-01 06:10:00;Lausanne, Blécherette;2025-03-01 06:40:00;2025-03-01 06:38:05
85:151:84;Route_D;31;O;Lausanne, Blécherette;2025-03-01 06:11:00;2025-03-01 06:11:40;Ecublens VD, EPFL/Colladon;2025-03-01 06:49:00;2025-03-01 06:46:53
85:151:114;Route_D;31;O;Lausanne, Blécherette;2025-03-01 06:22:00;2025-03-01 06:23:15;Ecublens VD, EPFL/Colladon;2025-03-01 07:00:00;2025-03-01 07:00:32
85:151:3;Route_B;23;R;Lausanne, Maladière;2025-03-01 06:25:00;2025-03-01 06:25:00;Lausanne, Blécherette;2025-03-01 06:55:00;2025-03-01 06:53:46
85:151:138;Route_E;22;O;Lausanne, Bel-Air;2025-03-01 06:27:00;2025-03-01 06:29:13;Ecublens VD, EPFL/Colladon;2025-03-01 06:54:00;2025-03-01 06:55:10
85:151:167;Route_H;25;R;Lausanne, Sablons;2025-03-01 06:30:00;2025-03-01 06:30:58;Lausanne, Blécherette;2025-03-01 07:03:00;2025-03-01 07:01:18
85:151:108;Route_C;31;R;Ecublens VD, EPFL/Colladon;2025-03-01 06:31:00;2025-03-01 06:31:00;Lausanne, Blécherette;2025-03-01 07:12:00;2025-03-01 07:09:49
85:151:11;Route_D;31;O;Lausanne, Blécherette;2025-03-01 06:33:00;2025-03-01 06:33:47;Ecublens VD, EPFL/Colladon;2025-03-01 07:11:00;2025-03-01 07:10:24
85:151:62;Route_D;31;O;Lausanne, Blécherette;2025-03-01 06:44:00;2025-03-01 06:44:51;Ecublens VD, EPFL/Colladon;2025-03-01 07:23:00;2025-03-01 07:22:10
85:151:32;Route_C;31;R;Ecublens VD, EPFL/Colladon;2025-03-01 06:46:00;2025-03-01 06:46:27;Lausanne, Blécherette;2025-03-01 07:29:00;2025-03-01 07:27:16
85:151:173;Route_H;25;R;Lausanne, Sablons;2025-03-01 06:46:00;2025-03-01 06:46:55;Lausanne, Blécherette;2025-03-01 07:21:00;2025-03-01 07:21:11
85:151:221;Route_E;22;O;Lausanne, Bel-Air;2025-03-01 06:50:00;2025-03-01 06:49:01;Ecublens VD, EPFL/Colladon;2025-03-01 07:18:00;2025-03-01 07:17:10
85:151:192;Route_D;31;O;Lausanne, Blécherette;2025-03-01 06:52:00;2025-03-01 06:52:22;Ecublens VD, EPFL/Colladon;2025-03-01 07:32:00;2025-03-01 07:34:07
85:151:85;Route_C;31;R;Ecublens VD, EPFL/Colladon;2025-03-01 06:55:00;2025-03-01 06:55:33;Lausanne, Blécherette;2025-03-01 07:38:00;2025-03-01 07:35:33
85:151:4;Route_D;31;O;Lausanne, Blécherette;2025-03-01 07:00:00;2025-03-01 07:00:07;Ecublens VD, EPFL/Colladon;2025-03-01 07:41:00;2025-03-01 07:40:33
85:151:139;Route_C;31;R;Ecublens VD, EPFL/Colladon;2025-03-01 07:03:00;2025-03-01 07:03:33;Lausanne, Blécherette;2025-03-01 07:46:00;2025-03-01 07:44:29
85:151:168;Route_D;31;O;Lausanne, Blécherette;2025-03-01 07:08:00;2025-03-01 07:08:58;Ecublens VD, EPFL/Colladon;2025-03-01 07:49:00;2025-03-01 07:49:46
85:151:115;Route_C;31;R;Ecublens VD, EPFL/Colladon;2025-03-01 07:12:00;2025-03-01 07:13:15;Lausanne, Blécherette;2025-03-01 07:55:00;2025-03-01 07:56:44
85:151:109;Route_D;31;O;Lausanne, Blécherette;2025-03-01 07:17:00;2025-03-01 07:17:31;Ecublens VD, EPFL/Colladon;2025-03-01 07:59:00;2025-03-01 07:58:29
85:151:12;Route_C;31;R;Ecublens VD, EPFL/Colladon;2025-03-01 07:20:00;2025-03-01 07:21:07;Lausanne, Blécherette;2025-03-01 08:03:00;2025-03-01 08:00:50
85:151:174;Route_D;31;O;Lausanne, Blécherette;2025-03-01 07:25:00;2025-03-01 07:25:15;Ecublens VD, EPFL/Colladon;2025-03-01 08:07:00;2025-03-01 08:10:05
85:151:222;Route_C;31;R;Ecublens VD, EPFL/Colladon;2025-03-01 07:29:00;2025-03-01 07:29:11;Lausanne, Blécherette;2025-03-01 08:12:00;2025-03-01 08:12:06
85:151:33;Route_D;31;O;Lausanne, Blécherette;2025-03-01 07:34:00;2025-03-01 07:34:16;Ecublens VD, EPFL/Colladon;2025-03-01 08:17:00;2025-03-01 08:17:26
85:151:63;Route_C;31;R;Ecublens VD, EPFL/Colladon;2025-03-01 07:37:00;2025-03-01 07:37:07;Lausanne, Blécherette;2025-03-01 08:20:00;2025-03-01 08:18:13
85:151:86;Route_D;31;O;Lausanne, Blécherette;2025-03-01 07:42:00;2025-03-01 07:43:15;Ecublens VD, EPFL/Colladon;2025-03-01 08:25:00;2025-03-01 08:24:53
85:151:193;Route_C;31;R;Ecublens VD, EPFL/Colladon;2025-03-01 07:46:00;2025-03-01 07:46:15;Lausanne, Blécherette;2025-03-01 08:29:00;2025-03-01 08:29:03
85:151:140;Route_D;31;O;Lausanne, Blécherette;2025-03-01 07:51:00;2025-03-01 07:51:49;Ecublens VD, EPFL/Colladon;2025-03-01 08:34:00;2025-03-01 08:33:20
85:151:5;Route_C;31;R;Ecublens VD, EPFL/Colladon;2025-03-01 07:54:00;2025-03-01 07:54:06;Lausanne, Blécherette;2025-03-01 08:37:00;2025-03-01 08:36:22
85:151:116;Route_D;31;O;Lausanne, Blécherette;2025-03-01 07:59:00;2025-03-01 08:00:52;Ecublens VD, EPFL/Colladon;2025-03-01 08:42:00;2025-03-01 08:41:26
85:151:169;Route_C;31;R;Ecublens VD, EPFL/Colladon;2025-03-01 08:03:00;2025-03-01 08:03:13;Lausanne, Blécherette;2025-03-01 08:46:00;2025-03-01 08:45:05
85:151:13;Route_D;31;O;Lausanne, Blécherette;2025-03-01 08:08:00;2025-03-01 08:08:25;Ecublens VD, EPFL/Colladon;2025-03-01 08:50:00;2025-03-01 08:49:43
85:151:110;Route_C;31;R;Ecublens VD, EPFL/Colladon;2025-03-01 08:11:00;2025-03-01 08:11:11;Lausanne, Blécherette;2025-03-01 08:54:00;2025-03-01 08:52:24
85:151:223;Route_D;31;O;Lausanne, Blécherette;2025-03-01 08:16:00;2025-03-01 08:16:10;Ecublens VD, EPFL/Colladon;2025-03-01 08:58:00;2025-03-01 08:58:37
85:151:175;Route_C;31;R;Ecublens VD, EPFL/Colladon;2025-03-01 08:20:00;2025-03-01 08:20:11;Lausanne, Blécherette;2025-03-01 09:03:00;2025-03-01 09:02:27
85:151:64;Route_D;31;O;Lausanne, Blécherette;2025-03-01 08:25:00;2025-03-01 08:25:25;Ecublens VD, EPFL/Colladon;2025-03-01 09:07:00;2025-03-01 09:05:48
85:151:34;Route_C;31;R;Ecublens VD, EPFL/Colladon;2025-03-01 08:28:00;2025-03-01 08:28:19;Lausanne, Blécherette;2025-03-01 09:11:00;2025-03-01 09:12:26
85:151:194;Route_D;31;O;Lausanne, Blécherette;2025-03-01 08:33:00;2025-03-01 08:33:27;Ecublens VD, EPFL/Colladon;2025-03-01 09:15:00;2025-03-01 09:16:57
85:151:87;Route_C;31;R;Ecublens VD, EPFL/Colladon;2025-03-01 08:37:00;2025-03-01 08:37:13;Lausanne, Blécherette;2025-03-01 09:20:00;2025-03-01 09:18:43
85:151:6;Route_D;31;O;Lausanne, Blécherette;2025-03-01 08:42:00;2025-03-01 08:42:36;Ecublens VD, EPFL/Colladon;2025-03-01 09:24:00;2025-03-01 09:25:57
85:151:141;Route_C;31;R;Ecublens VD, EPFL/Colladon;2025-03-01 08:45:00;2025-03-01 08:46:08;Lausanne, Blécherette;2025-03-01 09:28:00;2025-03-01 09:26:41
85:151:170;Route_D;31;O;Lausanne, Blécherette;2025-03-01 08:50:00;2025-03-01 08:51:05;Ecublens VD, EPFL/Colladon;2025-03-01 09:32:00;2025-03-01 09:31:19
85:151:117;Route_C;31;R;Ecublens VD, EPFL/Colladon;2025-03-01 08:54:00;2025-03-01 08:55:42;Lausanne, Blécherette;2025-03-01 09:37:00;2025-03-01 09:37:31
85:151:111;Route_D;31;O;Lausanne, Blécherette;2025-03-01 08:59:00;2025-03-01 08:59:08;Ecublens VD, EPFL/Colladon;2025-03-01 09:41:00;2025-03-01 09:37:57
85:151:14;Route_C;31;R;Ecublens VD, EPFL/Colladon;2025-03-01 09:02:00;2025-03-01 09:02:00;Lausanne, Blécherette;2025-03-01 09:45:00;2025-03-01 09:45:01
85:151:176;Route_A;21;O;Lausanne, Blécherette;2025-03-01 09:07:00;2025-03-01 09:07:49;Lausanne, Maladière;2025-03-01 09:39:00;2025-03-01 09:43:06
85:151:224;Route_C;31;R;Ecublens VD, EPFL/Colladon;2025-03-01 09:11:00;2025-03-01 09:11:00;Lausanne, Blécherette;2025-03-01 09:54:00;2025-03-01 09:52:09
85:151:35;Route_A;21;O;Lausanne, Blécherette;2025-03-01 09:16:00;2025-03-01 09:16:30;Lausanne, Maladière;2025-03-01 09:48:00;2025-03-01 09:46:55
85:151:65;Route_C;31;R;Ecublens VD, EPFL/Colladon;2025-03-01 09:19:00;2025-03-01 09:19:17;Lausanne, Blécherette;2025-03-01 10:02:00;2025-03-01 10:00:23
85:151:88;Route_A;21;O;Lausanne, Blécherette;2025-03-01 09:24:00;2025-03-01 09:24:25;Lausanne, Maladière;2025-03-01 09:56:00;2025-03-01 09:54:36
85:151:195;Route_C;31;R;Ecublens VD, EPFL/Colladon;2025-03-01 09:27:00;2025-03-01 09:28:05;Lausanne, Blécherette;2025-03-01 10:10:00;2025-03-01 10:10:03
85:151:142;Route_A;21;O;Lausanne, Blécherette;2025-03-01 09:33:00;2025-03-01 09:33:41;Lausanne, Maladière;2025-03-01 10:05:00;2025-03-01 10:05:20
85:151:118;Route_A;21;O;Lausanne, Blécherette;2025-03-01 09:41:00;2025-03-01 09:42:02;Lausanne, Maladière;2025-03-01 10:13:00;2025-03-01 10:13:45
85:151:177;Route_B;23;R;Lausanne, Maladière;2025-03-01 09:45:00;2025-03-01 09:45:10;Lausanne, Blécherette;2025-03-01 10:19:00;2025-03-01 10:20:38
85:151:15;Route_A;21;O;Lausanne, Blécherette;2025-03-01 09:50:00;2025-03-01 09:50:00;Lausanne, Maladière;2025-03-01 10:22:00;2025-03-01 10:21:10
85:151:36;Route_B;23;R;Lausanne, Maladière;2025-03-01 09:54:00;2025-03-01 09:54:13;Lausanne, Blécherette;2025-03-01 10:27:00;2025-03-01 10:25:45
85:151:225;Route_A;21;O;Lausanne, Blécherette;2025-03-01 09:58:00;2025-03-01 09:58:00;Lausanne, Maladière;2025-03-01 10:30:00;2025-03-01 10:28:33
85:151:89;Route_B;23;R;Lausanne, Maladière;2025-03-01 10:03:00;2025-03-01 10:02:34;Lausanne, Blécherette;2025-03-01 10:36:00;2025-03-01 10:34:36
85:151:66;Route_A;21;O;Lausanne, Blécherette;2025-03-01 10:07:00;2025-03-01 10:07:40;Lausanne, Maladière;2025-03-01 10:39:00;2025-03-01 10:37:31
85:151:143;Route_B;23;R;Lausanne, Maladière;2025-03-01 10:11:00;2025-03-01 10:11:46;Lausanne, Blécherette;2025-03-01 10:44:00;2025-03-01 10:44:32
85:151:196;Route_A;21;O;Lausanne, Blécherette;2025-03-01 10:15:00;2025-03-01 10:16:47;Lausanne, Maladière;2025-03-01 10:47:00;2025-03-01 10:51:31
85:151:119;Route_B;23;R;Lausanne, Maladière;2025-03-01 10:20:00;2025-03-01 10:20:40;Lausanne, Blécherette;2025-03-01 10:53:00;2025-03-01 10:54:54
85:151:178;Route_A;21;O;Lausanne, Blécherette;2025-03-01 10:24:00;2025-03-01 10:25:15;Lausanne, Maladière;2025-03-01 10:56:00;2025-03-01 10:57:38
85:151:16;Route_B;23;R;Lausanne, Maladière;2025-03-01 10:28:00;2025-03-01 10:28:00;Lausanne, Blécherette;2025-03-01 11:01:00;2025-03-01 11:04:32
85:151:37;Route_A;21;O;Lausanne, Blécherette;2025-03-01 10:32:00;2025-03-01 10:33:03;Lausanne, Maladière;2025-03-01 11:04:00;2025-03-01 11:01:33
85:151:226;Route_B;23;R;Lausanne, Maladière;2025-03-01 10:37:00;2025-03-01 10:37:15;Lausanne, Blécherette;2025-03-01 11:10:00;2025-03-01 11:10:36
85:151:90;Route_A;21;O;Lausanne, Blécherette;2025-03-01 10:41:00;2025-03-01 10:41:31;Lausanne, Maladière;2025-03-01 11:13:00;2025-03-01 11:11:31
85:151:67;Route_B;23;R;Lausanne, Maladière;2025-03-01 10:45:00;2025-03-01 10:45:00;Lausanne, Blécherette;2025-03-01 11:18:00;2025-03-01 11:16:12
85:151:144;Route_A;21;O;Lausanne, Blécherette;2025-03-01 10:49:00;2025-03-01 10:49:18;Lausanne, Maladière;2025-03-01 11:21:00;2025-03-01 11:18:37
85:151:197;Route_B;23;R;Lausanne, Maladière;2025-03-01 10:54:00;2025-03-01 10:54:42;Lausanne, Blécherette;2025-03-01 11:27:00;2025-03-01 11:33:27
85:151:120;Route_A;21;O;Lausanne, Blécherette;2025-03-01 10:58:00;2025-03-01 10:58:15;Lausanne, Maladière;2025-03-01 11:30:00;2025-03-01 11:27:54
85:151:179;Route_B;23;R;Lausanne, Maladière;2025-03-01 11:02:00;2025-03-01 11:03:35;Lausanne, Blécherette;2025-03-01 11:35:00;2025-03-01 11:34:27
85:151:17;Route_A;21;O;Lausanne, Blécherette;2025-03-01 11:06:00;2025-03-01 11:07:02;Lausanne, Maladière;2025-03-01 11:38:00;2025-03-01 11:38:53
85:151:38;Route_B;23;R;Lausanne, Maladière;2025-03-01 11:11:00;2025-03-01 11:11:13;Lausanne, Blécherette;2025-03-01 11:44:00;2025-03-01 11:45:00
85:151:227;Route_A;21;O;Lausanne, Blécherette;2025-03-01 11:15:00;2025-03-01 11:15:53;Lausanne, Maladière;2025-03-01 11:47:00;2025-03-01 11:50:35
85:151:91;Route_B;23;R;Lausanne, Maladière;2025-03-01 11:19:00;2025-03-01 11:18:37;Lausanne, Blécherette;2025-03-01 11:52:00;2025-03-01 11:51:09
85:151:68;Route_A;21;O;Lausanne, Blécherette;2025-03-01 11:23:00;2025-03-01 11:23:34;Lausanne, Maladière;2025-03-01 11:55:00;2025-03-01 11:54:14
85:151:145;Route_B;23;R;Lausanne, Maladière;2025-03-01 11:28:00;2025-03-01 11:28:57;Lausanne, Blécherette;2025-03-01 12:01:00;2025-03-01 11:59:57
85:151:198;Route_A;21;O;Lausanne, Blécherette;2025-03-01 11:32:00;2025-03-01 11:34:59;Lausanne, Maladière;2025-03-01 12:04:00;2025-03-01 12:10:19
85:151:121;Route_B;23;R;Lausanne, Maladière;2025-03-01 11:36:00;2025-03-01 11:37:08;Lausanne, Blécherette;2025-03-01 12:09:00;2025-03-01 12:12:04
85:151:180;Route_A;21;O;Lausanne, Blécherette;2025-03-01 11:40:00;2025-03-01 11:40:30;Lausanne, Maladière;2025-03-01 12:12:00;2025-03-01 12:17:05
85:151:18;Route_B;23;R;Lausanne, Maladière;2025-03-01 11:45:00;2025-03-01 11:38:45;Lausanne, Blécherette;2025-03-01 12:18:00;2025-03-01 12:16:55
85:151:39;Route_A;21;O;Lausanne, Blécherette;2025-03-01 11:49:00;2025-03-01 11:49:43;Lausanne, Maladière;2025-03-01 12:21:00;2025-03-01 12:19:36
85:151:228;Route_B;23;R;Lausanne, Maladière;2025-03-01 11:53:00;2025-03-01 11:53:33;Lausanne, Blécherette;2025-03-01 12:26:00;2025-03-01 12:30:39
85:151:92;Route_A;21;O;Lausanne, Blécherette;2025-03-01 11:57:00;2025-03-01 11:57:30;Lausanne, Maladière;2025-03-01 12:29:00;2025-03-01 12:26:30
85:151:69;Route_B;23;R;Lausanne, Maladière;2025-03-01 12:02:00;2025-03-01 12:02:08;Lausanne, Blécherette;2025-03-01 12:35:00;2025-03-01 12:36:24
85:151:146;Route_A;21;O;Lausanne, Blécherette;2025-03-01 12:06:00;2025-03-01 12:07:57;Lausanne, Maladière;2025-03-01 12:38:00;2025-03-01 12:37:16
85:151:199;Route_B;23;R;Lausanne, Maladière;2025-03-01 12:10:00;2025-03-01 12:10:19;Lausanne, Blécherette;2025-03-01 12:43:00;2025-03-01 12:42:19
85:151:122;Route_A;21;O;Lausanne, Blécherette;2025-03-01 12:14:00;2025-03-01 12:14:28;Lausanne, Maladière;2025-03-01 12:46:00;2025-03-01 12:43:48
85:151:181;Route_B;23;R;Lausanne, Maladière;2025-03-01 12:19:00;2025-03-01 12:19:30;Lausanne, Blécherette;2025-03-01 12:52:00;2025-03-01 12:52:15
85:151:19;Route_A;21;O;Lausanne, Blécherette;2025-03-01 12:23:00;2025-03-01 12:23:35;Lausanne, Maladière;2025-03-01 12:55:00;2025-03-01 12:57:52
85:151:40;Route_B;23;R;Lausanne, Maladière;2025-03-01 12:27:00;2025-03-01 12:27:17;Lausanne, Blécherette;2025-03-01 13:00:00;2025-03-01 13:00:52
85:151:229;Route_A;21;O;Lausanne, Blécherette;2025-03-01 12:31:00;2025-03-01 12:32:53;Lausanne, Maladière;2025-03-01 13:03:00;2025-03-01 13:08:11
85:151:93;Route_B;23;R;Lausanne, Maladière;2025-03-01 12:36:00;2025-03-01 12:35:32;Lausanne, Blécherette;2025-03-01 13:09:00;2025-03-01 13:06:50
85:151:70;Route_A;21;O;Lausanne, Blécherette;2025-03-01 12:40:00;2025-03-01 12:40:48;Lausanne, Maladière;2025-03-01 13:12:00;2025-03-01 13:12:21
85:151:147;Route_B;23;R;Lausanne, Maladière;2025-03-01 12:44:00;2025-03-01 12:44:37;Lausanne, Blécherette;2025-03-01 13:17:00;2025-03-01 13:17:52
85:151:200;Route_A;21;O;Lausanne, Blécherette;2025-03-01 12:48:00;2025-03-01 12:48:39;Lausanne, Maladière;2025-03-01 13:20:00;2025-03-01 13:18:37
85:151:123;Route_B;23;R;Lausanne, Maladière;2025-03-01 12:53:00;2025-03-01 12:53:28;Lausanne, Blécherette;2025-03-01 13:26:00;2025-03-01 13:27:03
85:151:182;Route_A;21;O;Lausanne, Blécherette;2025-03-01 12:57:00;2025-03-01 12:57:30;Lausanne, Maladière;2025-03-01 13:29:00;2025-03-01 13:30:41
85:151:20;Route_B;23;R;Lausanne, Maladière;2025-03-01 13:01:00;2025-03-01 13:01:00;Lausanne, Blécherette;2025-03-01 13:34:00;2025-03-01 13:36:13
85:151:41;Route_A;21;O;Lausanne, Blécherette;2025-03-01 13:05:00;2025-03-01 13:05:56;Lausanne, Maladière;2025-03-01 13:37:00;2025-03-01 13:37:49
85:151:230;Route_B;23;R;Lausanne, Maladière;2025-03-01 13:10:00;2025-03-01 13:09:42;Lausanne, Blécherette;2025-03-01 13:43:00;2025-03-01 13:45:28
85:151:94;Route_A;21;O;Lausanne, Blécherette;2025-03-01 13:14:00;2025-03-01 13:14:00;Lausanne, Maladière;2025-03-01 13:46:00;2025-03-01 13:45:10
85:151:71;Route_B;23;R;Lausanne, Maladière;2025-03-01 13:18:00;2025-03-01 13:18:28;Lausanne, Blécherette;2025-03-01 13:51:00;2025-03-01 13:51:44
85:151:148;Route_A;21;O;Lausanne, Blécherette;2025-03-01 13:22:00;2025-03-01 13:23:10;Lausanne, Maladière;2025-03-01 13:54:00;2025-03-01 13:55:10
85:151:201;Route_B;23;R;Lausanne, Maladière;2025-03-01 13:27:00;2025-03-01 13:27:00;Lausanne, Blécherette;2025-03-01 14:00:00;2025-03-01 14:02:52
85:151:124;Route_A;21;O;Lausanne, Blécherette;2025-03-01 13:31:00;2025-03-01 13:31:42;Lausanne, Maladière;2025-03-01 14:03:00;2025-03-01 14:06:21
85:151:183;Route_B;23;R;Lausanne, Maladière;2025-03-01 13:35:00;2025-03-01 13:35:10;Lausanne, Blécherette;2025-03-01 14:08:00;2025-03-01 14:08:26
85:151:21;Route_A;21;O;Lausanne, Blécherette;2025-03-01 13:39:00;2025-03-01 13:39:28;Lausanne, Maladière;2025-03-01 14:11:00;2025-03-01 14:16:45
85:151:42;Route_B;23;R;Lausanne, Maladière;2025-03-01 13:44:00;2025-03-01 13:44:00;Lausanne, Blécherette;2025-03-01 14:17:00;2025-03-01 14:18:23
85:151:231;Route_A;21;O;Lausanne, Blécherette;2025-03-01 13:48:00;2025-03-01 13:49:12;Lausanne, Maladière;2025-03-01 14:20:00;2025-03-01 14:21:27
85:151:95;Route_B;23;R;Lausanne, Maladière;2025-03-01 13:52:00;2025-03-01 13:52:30;Lausanne, Blécherette;2025-03-01 14:25:00;2025-03-01 14:23:07
85:151:72;Route_A;21;O;Lausanne, Blécherette;2025-03-01 13:56:00;2025-03-01 13:56:48;Lausanne, Maladière;2025-03-01 14:28:00;2025-03-01 14:32:36
85:151:149;Route_B;23;R;Lausanne, Maladière;2025-03-01 14:01:00;2025-03-01 14:01:07;Lausanne, Blécherette;2025-03-01 14:34:00;2025-03-01 14:36:37
85:151:202;Route_A;21;O;Lausanne, Blécherette;2025-03-01 14:05:00;2025-03-01 14:05:31;Lausanne, Maladière;2025-03-01 14:37:00;2025-03-01 14:38:42
85:151:125;Route_B;23;R;Lausanne, Maladière;2025-03-01 14:08:00;2025-03-01 14:08:00;Lausanne, Blécherette;2025-03-01 14:42:00;2025-03-01 14:40:37
85:151:184;Route_A;21;O;Lausanne, Blécherette;2025-03-01 14:13:00;2025-03-01 14:13:07;Lausanne, Maladière;2025-03-01 14:45:00;2025-03-01 14:48:33
85:151:22;Route_B;23;R;Lausanne, Maladière;2025-03-01 14:17:00;2025-03-01 14:17:43;Lausanne, Blécherette;2025-03-01 14:51:00;2025-03-01 14:51:56
85:151:43;Route_A;21;O;Lausanne, Blécherette;2025-03-01 14:22:00;2025-03-01 14:23:08;Lausanne, Maladière;2025-03-01 14:54:00;2025-03-01 14:53:00
85:151:232;Route_B;23;R;Lausanne, Maladière;2025-03-01 14:25:00;2025-03-01 14:25:00;Lausanne, Blécherette;2025-03-01 14:59:00;2025-03-01 14:57:44
85:151:96;Route_A;21;O;Lausanne, Blécherette;2025-03-01 14:30:00;2025-03-01 14:30:07;Lausanne, Maladière;2025-03-01 15:02:00;2025-03-01 15:03:13
85:151:73;Route_B;23;R;Lausanne, Maladière;2025-03-01 14:34:00;2025-03-01 14:34:00;Lausanne, Blécherette;2025-03-01 15:08:00;2025-03-01 15:14:42
85:151:150;Route_A;21;O;Lausanne, Blécherette;2025-03-01 14:39:00;2025-03-01 14:39:14;Lausanne, Maladière;2025-03-01 15:11:00;2025-03-01 15:12:21
85:151:203;Route_B;23;R;Lausanne, Maladière;2025-03-01 14:42:00;2025-03-01 14:42:13;Lausanne, Blécherette;2025-03-01 15:16:00;2025-03-01 15:15:37
85:151:126;Route_A;21;O;Lausanne, Blécherette;2025-03-01 14:47:00;2025-03-01 14:47:37;Lausanne, Maladière;2025-03-01 15:19:00;2025-03-01 15:22:12
85:151:185;Route_B;23;R;Lausanne, Maladière;2025-03-01 14:51:00;2025-03-01 14:51:00;Lausanne, Blécherette;2025-03-01 15:25:00;2025-03-01 15:25:54
85:151:23;Route_A;21;O;Lausanne, Blécherette;2025-03-01 14:56:00;2025-03-01 14:56:50;Lausanne, Maladière;2025-03-01 15:28:00;2025-03-01 15:25:50
85:151:44;Route_B;23;R;Lausanne, Maladière;2025-03-01 14:59:00;2025-03-01 14:59:20;Lausanne, Blécherette;2025-03-01 15:33:00;2025-03-01 15:31:15
85:151:233;Route_D;31;O;Lausanne, Blécherette;2025-03-01 15:04:00;2025-03-01 15:04:08;Ecublens VD, EPFL/Colladon;2025-03-01 15:46:00;2025-03-01 15:47:26
85:151:97;Route_B;23;R;Lausanne, Maladière;2025-03-01 15:08:00;2025-03-01 15:08:00;Lausanne, Blécherette;2025-03-01 15:42:00;2025-03-01 15:44:42
85:151:74;Route_D;31;O;Lausanne, Blécherette;2025-03-01 15:13:00;2025-03-01 15:15:46;Ecublens VD, EPFL/Colladon;2025-03-01 15:55:00;2025-03-01 15:58:26
85:151:151;Route_B;23;R;Lausanne, Maladière;2025-03-01 15:16:00;2025-03-01 15:16:11;Lausanne, Blécherette;2025-03-01 15:50:00;2025-03-01 15:49:26
85:151:204;Route_D;31;O;Lausanne, Blécherette;2025-03-01 15:21:00;2025-03-01 15:21:33;Ecublens VD, EPFL/Colladon;2025-03-01 16:03:00;2025-03-01 16:03:29
85:151:127;Route_B;23;R;Lausanne, Maladière;2025-03-01 15:25:00;2025-03-01 15:25:15;Lausanne, Blécherette;2025-03-01 15:59:00;2025-03-01 15:57:12
85:151:186;Route_D;31;O;Lausanne, Blécherette;2025-03-01 15:30:00;2025-03-01 15:30:21;Ecublens VD, EPFL/Colladon;2025-03-01 16:12:00;2025-03-01 16:15:26
85:151:242;Route_C;31;R;Ecublens VD, EPFL/Colladon;2025-03-01 15:32:00;2025-03-01 15:34:46;Lausanne, Blécherette;2025-03-01 16:15:00;2025-03-01 16:19:56
85:151:24;Route_B;23;R;Lausanne, Maladière;2025-03-01 15:33:00;2025-03-01 15:33:10;Lausanne, Blécherette;2025-03-01 16:07:00;2025-03-01 16:06:43
85:151:45;Route_D;31;O;Lausanne, Blécherette;2025-03-01 15:38:00;2025-03-01 15:38:17;Ecublens VD, EPFL/Colladon;2025-03-01 16:20:00;2025-03-01 16:21:56
85:151:257;Route_C;31;R;Ecublens VD, EPFL/Colladon;2025-03-01 15:40:00;2025-03-01 15:40:12;Lausanne, Blécherette;2025-03-01 16:23:00;2025-03-01 16:22:31
85:151:98;Route_D;31;O;Lausanne, Blécherette;2025-03-01 15:47:00;2025-03-01 15:48:26;Ecublens VD, EPFL/Colladon;2025-03-01 16:29:00;2025-03-01 16:30:29
85:151:272;Route_C;31;R;Ecublens VD, EPFL/Colladon;2025-03-01 15:49:00;2025-03-01 15:41:32;Lausanne, Blécherette;2025-03-01 16:33:00;2025-03-01 16:40:23
85:151:152;Route_D;31;O;Lausanne, Blécherette;2025-03-01 15:55:00;2025-03-01 15:55:47;Ecublens VD, EPFL/Colladon;2025-03-01 16:37:00;2025-03-01 16:37:26
85:151:234;Route_C;31;R;Ecublens VD, EPFL/Colladon;2025-03-01 15:57:00;2025-03-01 15:57:06;Lausanne, Blécherette;2025-03-01 16:41:00;2025-03-01 16:40:40
85:151:128;Route_D;31;O;Lausanne, Blécherette;2025-03-01 16:04:00;2025-03-01 16:05:15;Ecublens VD, EPFL/Colladon;2025-03-01 16:46:00;2025-03-01 16:51:05
85:151:75;Route_C;31;R;Ecublens VD, EPFL/Colladon;2025-03-01 16:06:00;2025-03-01 16:06:21;Lausanne, Blécherette;2025-03-01 16:50:00;2025-03-01 16:48:59
85:151:25;Route_D;31;O;Lausanne, Blécherette;2025-03-01 16:12:00;2025-03-01 16:13:10;Ecublens VD, EPFL/Colladon;2025-03-01 16:54:00;2025-03-01 16:53:09
85:151:205;Route_C;31;R;Ecublens VD, EPFL/Colladon;2025-03-01 16:14:00;2025-03-01 16:14:13;Lausanne, Blécherette;2025-03-01 16:58:00;2025-03-01 16:58:47
85:151:243;Route_D;31;O;Lausanne, Blécherette;2025-03-01 16:21:00;2025-03-01 16:22:58;Ecublens VD, EPFL/Colladon;2025-03-01 17:03:00;2025-03-01 17:00:13
85:151:187;Route_C;31;R;Ecublens VD, EPFL/Colladon;2025-03-01 16:23:00;2025-03-01 16:23:00;Lausanne, Blécherette;2025-03-01 17:07:00;2025-03-01 17:06:00
85:151:258;Route_D;31;O;Lausanne, Blécherette;2025-03-01 16:29:00;2025-03-01 16:31:38;Ecublens VD, EPFL/Colladon;2025-03-01 17:12:00;2025-03-01 17:13:56
85:151:46;Route_C;31;R;Ecublens VD, EPFL/Colladon;2025-03-01 16:31:00;2025-03-01 16:31:14;Lausanne, Blécherette;2025-03-01 17:15:00;2025-03-01 17:15:55
85:151:273;Route_D;31;O;Lausanne, Blécherette;2025-03-01 16:38:00;2025-03-01 16:41:46;Ecublens VD, EPFL/Colladon;2025-03-01 17:21:00;2025-03-01 17:24:28
85:151:99;Route_C;31;R;Ecublens VD, EPFL/Colladon;2025-03-01 16:40:00;2025-03-01 16:40:23;Lausanne, Blécherette;2025-03-01 17:24:00;2025-03-01 17:23:39
85:151:235;Route_D;31;O;Lausanne, Blécherette;2025-03-01 16:46:00;2025-03-01 16:49:02;Ecublens VD, EPFL/Colladon;2025-03-01 17:29:00;2025-03-01 17:31:37
85:151:153;Route_C;31;R;Ecublens VD, EPFL/Colladon;2025-03-01 16:48:00;2025-03-01 16:48:00;Lausanne, Blécherette;2025-03-01 17:32:00;2025-03-01 17:32:16
85:151:76;Route_D;31;O;Lausanne, Blécherette;2025-03-01 16:55:00;2025-03-01 16:57:37;Ecublens VD, EPFL/Colladon;2025-03-01 17:38:00;2025-03-01 17:38:22
85:151:129;Route_C;31;R;Ecublens VD, EPFL/Colladon;2025-03-01 16:57:00;2025-03-01 16:57:14;Lausanne, Blécherette;2025-03-01 17:41:00;2025-03-01 17:45:16
85:151:206;Route_D;31;O;Lausanne, Blécherette;2025-03-01 17:03:00;2025-03-01 17:03:48;Ecublens VD, EPFL/Colladon;2025-03-01 17:46:00;2025-03-01 17:47:11
85:151:26;Route_C;31;R;Ecublens VD, EPFL/Colladon;2025-03-01 17:05:00;2025-03-01 17:06:09;Lausanne, Blécherette;2025-03-01 17:49:00;2025-03-01 17:50:22
85:151:188;Route_D;31;O;Lausanne, Blécherette;2025-03-01 17:12:00;2025-03-01 17:13:40;Ecublens VD, EPFL/Colladon;2025-03-01 17:55:00;2025-03-01 17:52:43
85:151:244;Route_C;31;R;Ecublens VD, EPFL/Colladon;2025-03-01 17:14:00;2025-03-01 17:15:16;Lausanne, Blécherette;2025-03-01 17:58:00;2025-03-01 17:59:38
85:151:47;Route_D;31;O;Lausanne, Blécherette;2025-03-01 17:20:00;2025-03-01 17:21:06;Ecublens VD, EPFL/Colladon;2025-03-01 18:03:00;2025-03-01 18:01:44
85:151:259;Route_C;31;R;Ecublens VD, EPFL/Colladon;2025-03-01 17:22:00;2025-03-01 17:22:36;Lausanne, Blécherette;2025-03-01 18:06:00;2025-03-01 18:04:03
85:151:100;Route_D;31;O;Lausanne, Blécherette;2025-03-01 17:29:00;2025-03-01 17:29:00;Ecublens VD, EPFL/Colladon;2025-03-01 18:12:00;2025-03-01 18:14:34
85:151:274;Route_C;31;R;Ecublens VD, EPFL/Colladon;2025-03-01 17:31:00;2025-03-01 17:32:39;Lausanne, Blécherette;2025-03-01 18:15:00;2025-03-01 18:18:55
85:151:154;Route_D;31;O;Lausanne, Blécherette;2025-03-01 17:37:00;2025-03-01 17:37:39;Ecublens VD, EPFL/Colladon;2025-03-01 18:20:00;2025-03-01 18:19:21
85:151:236;Route_C;31;R;Ecublens VD, EPFL/Colladon;2025-03-01 17:39:00;2025-03-01 17:41:02;Lausanne, Blécherette;2025-03-01 18:23:00;2025-03-01 18:23:22
85:151:130;Route_D;31;O;Lausanne, Blécherette;2025-03-01 17:46:00;2025-03-01 17:47:32;Ecublens VD, EPFL/Colladon;2025-03-01 18:28:00;2025-03-01 18:33:08
85:151:77;Route_C;31;R;Ecublens VD, EPFL/Colladon;2025-03-01 17:48:00;2025-03-01 17:48:42;Lausanne, Blécherette;2025-03-01 18:32:00;2025-03-01 18:30:57
85:151:27;Route_D;31;O;Lausanne, Blécherette;2025-03-01 17:54:00;2025-03-01 17:57:21;Ecublens VD, EPFL/Colladon;2025-03-01 18:36:00;2025-03-01 18:38:27
85:151:207;Route_C;31;R;Ecublens VD, EPFL/Colladon;2025-03-01 17:56:00;2025-03-01 17:56:20;Lausanne, Blécherette;2025-03-01 18:40:00;2025-03-01 18:40:23
85:151:245;Route_D;31;O;Lausanne, Blécherette;2025-03-01 18:03:00;2025-03-01 18:05:27;Ecublens VD, EPFL/Colladon;2025-03-01 18:44:00;2025-03-01 18:51:21
85:151:189;Route_C;31;R;Ecublens VD, EPFL/Colladon;2025-03-01 18:05:00;2025-03-01 18:05:20;Lausanne, Blécherette;2025-03-01 18:49:00;2025-03-01 18:49:36
85:151:260;Route_D;31;O;Lausanne, Blécherette;2025-03-01 18:12:00;2025-03-01 18:12:38;Ecublens VD, EPFL/Colladon;2025-03-01 18:53:00;2025-03-01 18:51:29
85:151:48;Route_C;31;R;Ecublens VD, EPFL/Colladon;2025-03-01 18:13:00;2025-03-01 18:13:59;Lausanne, Blécherette;2025-03-01 18:56:00;2025-03-01 18:56:43
85:151:275;Route_D;31;O;Lausanne, Blécherette;2025-03-01 18:21:00;2025-03-01 18:21:18;Ecublens VD, EPFL/Colladon;2025-03-01 19:02:00;2025-03-01 19:02:57
85:151:101;Route_C;31;R;Ecublens VD, EPFL/Colladon;2025-03-01 18:22:00;2025-03-01 18:22:00;Lausanne, Blécherette;2025-03-01 19:05:00;2025-03-01 19:06:11
85:151:237;Route_A;21;O;Lausanne, Blécherette;2025-03-01 18:29:00;2025-03-01 18:29:53;Lausanne, Maladière;2025-03-01 19:00:00;2025-03-01 18:57:50
85:151:155;Route_C;31;R;Ecublens VD, EPFL/Colladon;2025-03-01 18:31:00;2025-03-01 18:31:00;Lausanne, Blécherette;2025-03-01 19:14:00;2025-03-01 19:14:55
85:151:78;Route_A;21;O;Lausanne, Blécherette;2025-03-01 18:38:00;2025-03-01 18:38:17;Lausanne, Maladière;2025-03-01 19:09:00;2025-03-01 19:07:36
85:151:131;Route_C;31;R;Ecublens VD, EPFL/Colladon;2025-03-01 18:40:00;2025-03-01 18:40:08;Lausanne, Blécherette;2025-03-01 19:23:00;2025-03-01 19:24:55
85:151:208;Route_A;21;O;Lausanne, Blécherette;2025-03-01 18:48:00;2025-03-01 18:48:43;Lausanne, Maladière;2025-03-01 19:18:00;2025-03-01 19:19:54
85:151:246;Route_C;31;R;Ecublens VD, EPFL/Colladon;2025-03-01 18:50:00;2025-03-01 18:51:23;Lausanne, Blécherette;2025-03-01 19:33:00;2025-03-01 19:34:59
85:151:49;Route_A;21;O;Lausanne, Blécherette;2025-03-01 18:59:00;2025-03-01 19:01:49;Lausanne, Maladière;2025-03-01 19:29:00;2025-03-01 19:30:07
85:151:261;Route_C;31;R;Ecublens VD, EPFL/Colladon;2025-03-01 19:00:00;2025-03-01 19:01:04;Lausanne, Blécherette;2025-03-01 19:43:00;2025-03-01 19:41:44
85:151:238;Route_G;13;R;Lausanne, Maladière;2025-03-01 19:04:00;2025-03-01 19:04:08;Lausanne, St-François;2025-03-01 19:24:00;2025-03-01 19:20:20
85:151:102;Route_A;21;O;Lausanne, Blécherette;2025-03-01 19:09:00;2025-03-01 19:09:51;Lausanne, Maladière;2025-03-01 19:39:00;2025-03-01 19:38:03
85:151:156;Route_A;21;O;Lausanne, Blécherette;2025-03-01 19:19:00;2025-03-01 19:19:06;Lausanne, Maladière;2025-03-01 19:49:00;2025-03-01 19:45:48
85:151:79;Route_B;23;R;Lausanne, Maladière;2025-03-01 19:21:00;2025-03-01 19:21:06;Lausanne, Blécherette;2025-03-01 19:53:00;2025-03-01 19:51:52
85:151:132;Route_A;21;O;Lausanne, Blécherette;2025-03-01 19:29:00;2025-03-01 19:29:06;Lausanne, Maladière;2025-03-01 19:59:00;2025-03-01 19:58:33
85:151:209;Route_B;23;R;Lausanne, Maladière;2025-03-01 19:31:00;2025-03-01 19:31:00;Lausanne, Blécherette;2025-03-01 20:03:00;2025-03-01 20:03:11
85:151:247;Route_A;21;O;Lausanne, Blécherette;2025-03-01 19:39:00;2025-03-01 19:40:14;Lausanne, Maladière;2025-03-01 20:09:00;2025-03-01 20:09:56
85:151:50;Route_B;23;R;Lausanne, Maladière;2025-03-01 19:41:00;2025-03-01 19:41:38;Lausanne, Blécherette;2025-03-01 20:13:00;2025-03-01 20:13:26
85:151:262;Route_A;21;O;Lausanne, Blécherette;2025-03-01 19:50:00;2025-03-01 19:52:04;Lausanne, Maladière;2025-03-01 20:19:00;2025-03-01 20:17:44
85:151:103;Route_B;23;R;Lausanne, Maladière;2025-03-01 19:52:00;2025-03-01 19:51:34;Lausanne, Blécherette;2025-03-01 20:23:00;2025-03-01 20:21:13
85:151:80;Route_A;21;O;Lausanne, Blécherette;2025-03-01 20:00:00;2025-03-01 20:00:37;Lausanne, Maladière;2025-03-01 20:28:00;2025-03-01 20:26:33
85:151:157;Route_B;23;R;Lausanne, Maladière;2025-03-01 20:02:00;2025-03-01 20:02:00;Lausanne, Blécherette;2025-03-01 20:33:00;2025-03-01 20:31:45
85:151:133;Route_G;13;R;Lausanne, Maladière;2025-03-01 20:08:00;2025-03-01 20:08:11;Lausanne, St-François;2025-03-01 20:25:00;2025-03-01 20:24:44
85:151:210;Route_A;21;O;Lausanne, Blécherette;2025-03-01 20:10:00;2025-03-01 20:10:00;Lausanne, Maladière;2025-03-01 20:39:00;2025-03-01 20:42:07
85:151:248;Route_B;23;R;Lausanne, Maladière;2025-03-01 20:14:00;2025-03-01 20:14:49;Lausanne, Blécherette;2025-03-01 20:45:00;2025-03-01 20:43:37
85:151:51;Route_A;21;O;Lausanne, Blécherette;2025-03-01 20:22:00;2025-03-01 20:22:56;Lausanne, Maladière;2025-03-01 20:51:00;2025-03-01 20:46:44
85:151:263;Route_B;23;R;Lausanne, Maladière;2025-03-01 20:28:00;2025-03-01 20:30:38;Lausanne, Blécherette;2025-03-01 20:59:00;2025-03-01 20:57:28
85:151:158;Route_A;21;O;Lausanne, Blécherette;2025-03-01 20:37:00;2025-03-01 20:37:27;Lausanne, Maladière;2025-03-01 21:06:00;2025-03-01 21:04:09
85:151:211;Route_B;23;R;Lausanne, Maladière;2025-03-01 20:43:00;2025-03-01 20:43:55;Lausanne, Blécherette;2025-03-01 21:14:00;2025-03-01 21:15:00
85:151:249;Route_A;21;O;Lausanne, Blécherette;2025-03-01 20:52:00;2025-03-01 20:53:06;Lausanne, Maladière;2025-03-01 21:19:00;2025-03-01 21:17:40
85:151:52;Route_B;23;R;Lausanne, Maladière;2025-03-01 20:59:00;2025-03-01 20:59:16;Lausanne, Blécherette;2025-03-01 21:29:00;2025-03-01 21:27:34
85:151:264;Route_A;21;O;Lausanne, Blécherette;2025-03-01 21:07:00;2025-03-01 21:08:54;Lausanne, Maladière;2025-03-01 21:34:00;2025-03-01 21:32:11
85:151:159;Route_B;23;R;Lausanne, Maladière;2025-03-01 21:15:00;2025-03-01 21:15:00;Lausanne, Blécherette;2025-03-01 21:44:00;2025-03-01 21:44:58
85:151:212;Route_A;21;O;Lausanne, Blécherette;2025-03-01 21:22:00;2025-03-01 21:24:26;Lausanne, Maladière;2025-03-01 21:49:00;2025-03-01 21:53:49
85:151:250;Route_B;23;R;Lausanne, Maladière;2025-03-01 21:30:00;2025-03-01 21:30:00;Lausanne, Blécherette;2025-03-01 21:59:00;2025-03-01 21:58:34
85:151:53;Route_A;21;O;Lausanne, Blécherette;2025-03-01 21:37:00;2025-03-01 21:38:36;Lausanne, Maladière;2025-03-01 22:03:00;2025-03-01 22:01:50
85:151:265;Route_B;23;R;Lausanne, Maladière;2025-03-01 21:45:00;2025-03-01 21:45:47;Lausanne, Blécherette;2025-03-01 22:14:00;2025-03-01 22:14:13
85:151:160;Route_A;21;O;Lausanne, Blécherette;2025-03-01 21:52:00;2025-03-01 21:53:58;Lausanne, Maladière;2025-03-01 22:18:00;2025-03-01 22:17:14
85:151:213;Route_B;23;R;Lausanne, Maladière;2025-03-01 22:00:00;2025-03-01 22:00:16;Lausanne, Blécherette;2025-03-01 22:29:00;2025-03-01 22:29:49
85:151:251;Route_A;21;O;Lausanne, Blécherette;2025-03-01 22:07:00;2025-03-01 22:07:36;Lausanne, Maladière;2025-03-01 22:33:00;2025-03-01 22:31:53
85:151:54;Route_B;23;R;Lausanne, Maladière;2025-03-01 22:15:00;2025-03-01 22:15:10;Lausanne, Blécherette;2025-03-01 22:43:00;2025-03-01 22:42:11
85:151:266;Route_A;21;O;Lausanne, Blécherette;2025-03-01 22:22:00;2025-03-01 22:22:17;Lausanne, Maladière;2025-03-01 22:48:00;2025-03-01 22:48:52
85:151:161;Route_B;23;R;Lausanne, Maladière;2025-03-01 22:30:00;2025-03-01 22:30:14;Lausanne, Blécherette;2025-03-01 22:58:00;2025-03-01 22:57:45
85:151:214;Route_A;21;O;Lausanne, Blécherette;2025-03-01 22:37:00;2025-03-01 22:37:53;Lausanne, Maladière;2025-03-01 23:03:00;2025-03-01 23:05:00
85:151:252;Route_B;23;R;Lausanne, Maladière;2025-03-01 22:45:00;2025-03-01 22:45:13;Lausanne, Blécherette;2025-03-01 23:13:00;2025-03-01 23:14:06
85:151:55;Route_A;21;O;Lausanne, Blécherette;2025-03-01 22:52:00;2025-03-01 22:53:36;Lausanne, Maladière;2025-03-01 23:17:00;2025-03-01 23:18:56
85:151:267;Route_B;23;R;Lausanne, Maladière;2025-03-01 23:00:00;2025-03-01 23:00:17;Lausanne, Blécherette;2025-03-01 23:27:00;2025-03-01 23:27:10
85:151:162;Route_A;21;O;Lausanne, Blécherette;2025-03-01 23:07:00;2025-03-01 23:07:32;Lausanne, Maladière;2025-03-01 23:32:00;2025-03-01 23:30:52
85:151:215;Route_B;23;R;Lausanne, Maladière;2025-03-01 23:15:00;2025-03-01 23:15:13;Lausanne, Blécherette;2025-03-01 23:42:00;2025-03-01 23:44:26
85:151:253;Route_A;21;O;Lausanne, Blécherette;2025-03-01 23:22:00;2025-03-01 23:22:53;Lausanne, Maladière;2025-03-01 23:47:00;2025-03-01 23:46:13
85:151:56;Route_B;23;R;Lausanne, Maladière;2025-03-01 23:30:00;2025-03-01 23:31:36;Lausanne, Blécherette;2025-03-01 23:57:00;2025-03-01 23:56:21
85:151:268;Route_A;21;O;Lausanne, Blécherette;2025-03-01 23:37:00;2025-03-01 23:37:37;Lausanne, Maladière;2025-04-01 00:02:00;2025-04-01 00:00:37
85:151:163;Route_B;23;R;Lausanne, Maladière;2025-03-01 23:45:00;2025-03-01 23:45:12;Lausanne, Blécherette;2025-04-01 00:12:00;2025-04-01 00:12:24
85:151:216;Route_A;21;O;Lausanne, Blécherette;2025-03-01 23:52:00;2025-03-01 23:52:14;Lausanne, Maladière;2025-04-01 00:17:00;2025-04-01 00:20:19
85:151:254;Route_B;23;R;Lausanne, Maladière;2025-04-01 00:00:00;2025-04-01 00:00:33;Lausanne, Blécherette;2025-04-01 00:26:00;2025-04-01 00:26:15
85:151:57;Route_A;21;O;Lausanne, Blécherette;2025-04-01 00:08:00;2025-04-01 00:09:12;Lausanne, Maladière;2025-04-01 00:31:00;2025-04-01 00:30:27
85:151:269;Route_B;23;R;Lausanne, Maladière;2025-04-01 00:15:00;2025-04-01 00:15:00;Lausanne, Blécherette;2025-04-01 00:41:00;2025-04-01 00:41:25
85:151:164;Route_A;21;O;Lausanne, Blécherette;2025-04-01 00:23:00;2025-04-01 00:23:00;Lausanne, Maladière;2025-04-01 00:46:00;2025-04-01 00:44:00
85:151:217;Route_B;23;R;Lausanne, Maladière;2025-04-01 00:30:00;2025-04-01 00:30:06;Lausanne, Blécherette;2025-04-01 00:56:00;2025-04-01 00:58:19
