  JOURNEY_ID ;  Route  ; Number_of_stops ; Direction ;          Start          ;  Start_time_Planned ;   Start_time_Real   ;        End        ;   End_time_Planned  ;    End_time_Real    
  85:151:6407;  Route_B;                6;          O;        Ecublens VD, EPFL;  2025-07-01 05:13:00;  2025-07-01 05:13:00;    Renens VD, gare;  2025-07-01 05:19:00;  2025-07-01 05:19:41
  85:151:6447;  Route_C;                9;          R;  Ecublens VD, UNIL-Sorge;  2025-07-01 05:15:00;  2025-07-01 05:15:04;     Lausanne, Flon;  2025-07-01 05:27:00;  2025-07-01 05:28:31
  85:151:6486;  Route_B;                6;          O;        Ecublens VD, EPFL;  2025-07-01 05:23:00;  2025-07-01 05:23:20;    Renens VD, gare;  2025-07-01 05:29:00;  2025-07-01 05:30:00
  85:151:6534;  Route_C;                9;          R;  Ecublens VD, UNIL-Sorge;  2025-07-01 05:25:00;  2025-07-01 05:25:00;     Lausanne, Flon;  2025-07-01 05:37:00;  2025-07-01 05:35:55
  85:151:6408;  Route_A;               15;          R;          Renens VD, gare;  2025-07-01 05:27:00;  2025-07-01 05:27:00;     Lausanne, Flon;  2025-07-01 05:46:00;  2025-07-01 05:45:04
  85:151:6448;  Route_A;               15;          O;           Lausanne, Flon;  2025-07-01 05:30:00;  2025-07-01 05:30:09;    Renens VD, gare;  2025-07-01 05:49:00;  2025-07-01 05:50:09
  85:151:6581;  Route_B;                6;          O;        Ecublens VD, EPFL;  2025-07-01 05:33:00;  2025-07-01 05:33:10;    Renens VD, gare;  2025-07-01 05:39:00;  2025-07-01 05:40:10
  85:151:6487;  Route_A;               15;          R;          Renens VD, gare;  2025-07-01 05:37:00;  2025-07-01 05:37:09;     Lausanne, Flon;  2025-07-01 05:56:00;  2025-07-01 05:56:08
  85:151:6535;  Route_A;               15;          O;           Lausanne, Flon;  2025-07-01 05:40:00;  2025-07-01 05:40:00;    Renens VD, gare;  2025-07-01 05:59:00;  2025-07-01 06:00:17
  85:151:6582;  Route_A;               15;          R;          Renens VD, gare;  2025-07-01 05:47:00;  2025-07-01 05:47:11;     Lausanne, Flon;  2025-07-01 06:06:00;  2025-07-01 06:05:45
  85:151:6409;  Route_A;               15;          O;           Lausanne, Flon;  2025-07-01 05:50:00;  2025-07-01 05:50:00;    Renens VD, gare;  2025-07-01 06:09:00;  2025-07-01 06:10:00
  85:151:6449;  Route_A;               15;          R;          Renens VD, gare;  2025-07-01 05:57:00;  2025-07-01 05:57:00;     Lausanne, Flon;  2025-07-01 06:16:00;  2025-07-01 06:15:23
  85:151:6488;  Route_A;               15;          O;           Lausanne, Flon;  2025-07-01 06:00:00;  2025-07-01 06:00:20;    Renens VD, gare;  2025-07-01 06:19:00;  2025-07-01 06:20:20
  85:151:6536;  Route_A;               15;          R;          Renens VD, gare;  2025-07-01 06:07:00;  2025-07-01 06:07:16;     Lausanne, Flon;  2025-07-01 06:26:00;  2025-07-01 06:25:39
  85:151:6583;  Route_A;               15;          O;           Lausanne, Flon;  2025-07-01 06:10:00;  2025-07-01 06:10:09;    Renens VD, gare;  2025-07-01 06:29:00;  2025-07-01 06:30:06
  85:151:6410;  Route_A;               15;          R;          Renens VD, gare;  2025-07-01 06:17:00;  2025-07-01 06:17:00;     Lausanne, Flon;  2025-07-01 06:36:00;  2025-07-01 06:35:20
  85:151:6450;  Route_A;               15;          O;           Lausanne, Flon;  2025-07-01 06:20:00;  2025-07-01 06:20:09;    Renens VD, gare;  2025-07-01 06:39:00;  2025-07-01 06:40:05
  85:151:6489;  Route_A;               15;          R;          Renens VD, gare;  2025-07-01 06:27:00;  2025-07-01 06:27:07;     Lausanne, Flon;  2025-07-01 06:46:00;  2025-07-01 06:45:27
  85:151:6537;  Route_A;               15;          O;           Lausanne, Flon;  2025-07-01 06:30:00;  2025-07-01 06:30:00;    Renens VD, gare;  2025-07-01 06:49:00;  2025-07-01 06:50:17
  85:151:6584;  Route_A;               15;          R;          Renens VD, gare;  2025-07-01 06:37:00;  2025-07-01 06:37:07;     Lausanne, Flon;  2025-07-01 06:56:00;  2025-07-01 06:55:51
  85:151:6628;  Route_C;                9;          R;  Ecublens VD, UNIL-Sorge;  2025-07-01 06:39:00;  2025-07-01 06:39:00;     Lausanne, Flon;  2025-07-01 06:52:00;  2025-07-01 06:52:17
  85:151:6411;  Route_A;               15;          O;           Lausanne, Flon;  2025-07-01 06:40:00;  2025-07-01 06:40:09;    Renens VD, gare;  2025-07-01 06:59:00;  2025-07-01 07:00:07
  85:151:6451;  Route_A;               15;          R;          Renens VD, gare;  2025-07-01 06:47:00;  2025-07-01 06:47:00;     Lausanne, Flon;  2025-07-01 07:07:00;  2025-07-01 07:07:23
  85:151:6490;  Route_A;               15;          O;           Lausanne, Flon;  2025-07-01 06:50:00;  2025-07-01 06:50:16;    Renens VD, gare;  2025-07-01 07:09:00;  2025-07-01 07:10:51
  85:151:6629;  Route_A;               15;          O;           Lausanne, Flon;  2025-07-01 06:56:00;  2025-07-01 06:56:10;    Renens VD, gare;  2025-07-01 07:15:00;  2025-07-01 07:16:59
  85:151:6673;  Route_B;                6;          O;        Ecublens VD, EPFL;  2025-07-01 06:56:00;  2025-07-01 06:56:06;    Renens VD, gare;  2025-07-01 07:02:00;  2025-07-01 07:03:06
  85:151:6538;  Route_A;               15;          R;          Renens VD, gare;  2025-07-01 06:57:00;  2025-07-01 06:57:10;     Lausanne, Flon;  2025-07-01 07:16:00;  2025-07-01 07:18:17
  85:151:6412;  Route_A;               15;          R;          Renens VD, gare;  2025-07-01 07:03:00;  2025-07-01 07:03:00;     Lausanne, Flon;  2025-07-01 07:22:00;  2025-07-01 07:21:59
  85:151:6585;  Route_A;               15;          O;           Lausanne, Flon;  2025-07-01 07:05:00;  2025-07-01 07:05:25;    Renens VD, gare;  2025-07-01 07:24:00;  2025-07-01 07:25:44
  85:151:6674;  Route_A;               15;          R;          Renens VD, gare;  2025-07-01 07:11:00;  2025-07-01 07:11:00;     Lausanne, Flon;  2025-07-01 07:30:00;  2025-07-01 07:31:36
  85:151:6452;  Route_A;               15;          O;           Lausanne, Flon;  2025-07-01 07:12:00;  2025-07-01 07:12:00;    Renens VD, gare;  2025-07-01 07:31:00;  2025-07-01 07:32:13
  85:151:6491;  Route_A;               15;          R;          Renens VD, gare;  2025-07-01 07:18:00;  2025-07-01 07:18:00;     Lausanne, Flon;  2025-07-01 07:37:00;  2025-07-01 07:38:11
  85:151:6539;  Route_A;               15;          O;           Lausanne, Flon;  2025-07-01 07:20:00;  2025-07-01 07:20:00;    Renens VD, gare;  2025-07-01 07:39:00;  2025-07-01 07:40:37
  85:151:6630;  Route_A;               15;          R;          Renens VD, gare;  2025-07-01 07:26:00;  2025-07-01 07:26:09;     Lausanne, Flon;  2025-07-01 07:45:00;  2025-07-01 07:45:30
  85:151:6413;  Route_A;               15;          O;           Lausanne, Flon;  2025-07-01 07:27:00;  2025-07-01 07:27:00;    Renens VD, gare;  2025-07-01 07:46:00;  2025-07-01 07:47:34
  85:151:6586;  Route_A;               15;          R;          Renens VD, gare;  2025-07-01 07:33:00;  2025-07-01 07:33:15;     Lausanne, Flon;  2025-07-01 07:52:00;  2025-07-01 07:52:17
  85:151:6675;  Route_A;               15;          O;           Lausanne, Flon;  2025-07-01 07:35:00;  2025-07-01 07:35:13;    Renens VD, gare;  2025-07-01 07:54:00;  2025-07-01 07:53:13
  85:151:6453;  Route_A;               15;          R;          Renens VD, gare;  2025-07-01 07:41:00;  2025-07-01 07:41:00;     Lausanne, Flon;  2025-07-01 08:00:00;  2025-07-01 08:01:13
  85:151:6492;  Route_A;               15;          O;           Lausanne, Flon;  2025-07-01 07:42:00;  2025-07-01 07:42:09;    Renens VD, gare;  2025-07-01 08:01:00;  2025-07-01 08:02:06
  85:151:6540;  Route_A;               15;          R;          Renens VD, gare;  2025-07-01 07:48:00;  2025-07-01 07:48:07;     Lausanne, Flon;  2025-07-01 08:07:00;  2025-07-01 08:08:46
  85:151:6631;  Route_A;               15;          O;           Lausanne, Flon;  2025-07-01 07:50:00;  2025-07-01 07:50:19;    Renens VD, gare;  2025-07-01 08:09:00;  2025-07-01 08:09:15
  85:151:6414;  Route_A;               15;          R;          Renens VD, gare;  2025-07-01 07:56:00;  2025-07-01 07:56:22;     Lausanne, Flon;  2025-07-01 08:15:00;  2025-07-01 08:15:39
  85:151:6587;  Route_A;               15;          O;           Lausanne, Flon;  2025-07-01 07:57:00;  2025-07-01 07:57:00;    Renens VD, gare;  2025-07-01 08:16:00;  2025-07-01 08:16:59
  85:151:6676;  Route_A;               15;          R;          Renens VD, gare;  2025-07-01 08:03:00;  2025-07-01 08:03:09;     Lausanne, Flon;  2025-07-01 08:22:00;  2025-07-01 08:22:46
  85:151:6454;  Route_A;               15;          O;           Lausanne, Flon;  2025-07-01 08:05:00;  2025-07-01 08:05:05;    Renens VD, gare;  2025-07-01 08:24:00;  2025-07-01 08:24:08
  85:151:6493;  Route_A;               15;          R;          Renens VD, gare;  2025-07-01 08:11:00;  2025-07-01 08:11:15;     Lausanne, Flon;  2025-07-01 08:30:00;  2025-07-01 08:30:55
  85:151:6541;  Route_A;               15;          O;           Lausanne, Flon;  2025-07-01 08:12:00;  2025-07-01 08:12:29;    Renens VD, gare;  2025-07-01 08:31:00;  2025-07-01 08:32:47
  85:151:6632;  Route_A;               15;          R;          Renens VD, gare;  2025-07-01 08:18:00;  2025-07-01 08:18:00;     Lausanne, Flon;  2025-07-01 08:37:00;  2025-07-01 08:37:45
  85:151:6415;  Route_A;               15;          O;           Lausanne, Flon;  2025-07-01 08:20:00;  2025-07-01 08:20:09;    Renens VD, gare;  2025-07-01 08:39:00;  2025-07-01 08:39:49
  85:151:6588;  Route_A;               15;          R;          Renens VD, gare;  2025-07-01 08:26:00;  2025-07-01 08:26:09;     Lausanne, Flon;  2025-07-01 08:45:00;  2025-07-01 08:44:23
  85:151:6677;  Route_A;               15;          O;           Lausanne, Flon;  2025-07-01 08:27:00;  2025-07-01 08:27:10;    Renens VD, gare;  2025-07-01 08:46:00;  2025-07-01 08:46:57
  85:151:6455;  Route_A;               15;          R;          Renens VD, gare;  2025-07-01 08:33:00;  2025-07-01 08:33:00;     Lausanne, Flon;  2025-07-01 08:52:00;  2025-07-01 08:52:56
  85:151:6494;  Route_A;               15;          O;           Lausanne, Flon;  2025-07-01 08:35:00;  2025-07-01 08:35:00;    Renens VD, gare;  2025-07-01 08:54:00;  2025-07-01 08:55:11
  85:151:6542;  Route_A;               15;          R;          Renens VD, gare;  2025-07-01 08:41:00;  2025-07-01 08:41:00;     Lausanne, Flon;  2025-07-01 09:00:00;  2025-07-01 09:00:23
  85:151:6633;  Route_A;               15;          O;           Lausanne, Flon;  2025-07-01 08:42:00;  2025-07-01 08:42:00;    Renens VD, gare;  2025-07-01 09:01:00;  2025-07-01 09:02:10
  85:151:6416;  Route_A;               15;          R;          Renens VD, gare;  2025-07-01 08:48:00;  2025-07-01 08:48:00;     Lausanne, Flon;  2025-07-01 09:07:00;  2025-07-01 09:07:49
  85:151:6589;  Route_A;               15;          O;           Lausanne, Flon;  2025-07-01 08:50:00;  2025-07-01 08:50:00;    Renens VD, gare;  2025-07-01 09:09:00;  2025-07-01 09:09:37
  85:151:6678;  Route_A;               15;          R;          Renens VD, gare;  2025-07-01 08:56:00;  2025-07-01 08:56:00;     Lausanne, Flon;  2025-07-01 09:15:00;  2025-07-01 09:14:53
  85:151:6456;  Route_A;               15;          O;           Lausanne, Flon;  2025-07-01 08:57:00;  2025-07-01 08:57:18;    Renens VD, gare;  2025-07-01 09:16:00;  2025-07-01 09:17:13
  85:151:6495;  Route_A;               15;          R;          Renens VD, gare;  2025-07-01 09:03:00;  2025-07-01 09:03:00;     Lausanne, Flon;  2025-07-01 09:22:00;  2025-07-01 09:22:41
  85:151:6543;  Route_A;               15;          O;           Lausanne, Flon;  2025-07-01 09:05:00;  2025-07-01 09:05:06;    Renens VD, gare;  2025-07-01 09:24:00;  2025-07-01 09:25:40
  85:151:6634;  Route_A;               15;          R;          Renens VD, gare;  2025-07-01 09:11:00;  2025-07-01 09:11:19;     Lausanne, Flon;  2025-07-01 09:30:00;  2025-07-01 09:30:53
  85:151:6417;  Route_A;               15;          O;           Lausanne, Flon;  2025-07-01 09:12:00;  2025-07-01 09:12:10;    Renens VD, gare;  2025-07-01 09:31:00;  2025-07-01 09:32:17
  85:151:6590;  Route_A;               15;          R;          Renens VD, gare;  2025-07-01 09:18:00;  2025-07-01 09:18:00;     Lausanne, Flon;  2025-07-01 09:37:00;  2025-07-01 09:38:01
  85:151:6679;  Route_A;               15;          O;           Lausanne, Flon;  2025-07-01 09:20:00;  2025-07-01 09:20:10;    Renens VD, gare;  2025-07-01 09:39:00;  2025-07-01 09:39:55
  85:151:6457;  Route_A;               15;          R;          Renens VD, gare;  2025-07-01 09:26:00;  2025-07-01 09:26:14;     Lausanne, Flon;  2025-07-01 09:45:00;  2025-07-01 09:44:53
  85:151:6496;  Route_A;               15;          O;           Lausanne, Flon;  2025-07-01 09:27:00;  2025-07-01 09:27:00;    Renens VD, gare;  2025-07-01 09:46:00;  2025-07-01 09:47:23
  85:151:6544;  Route_A;               15;          R;          Renens VD, gare;  2025-07-01 09:33:00;  2025-07-01 09:33:16;     Lausanne, Flon;  2025-07-01 09:52:00;  2025-07-01 09:51:56
  85:151:6635;  Route_A;               15;          O;           Lausanne, Flon;  2025-07-01 09:35:00;  2025-07-01 09:35:00;    Renens VD, gare;  2025-07-01 09:54:00;  2025-07-01 09:55:15
  85:151:6418;  Route_A;               15;          R;          Renens VD, gare;  2025-07-01 09:41:00;  2025-07-01 09:41:12;     Lausanne, Flon;  2025-07-01 10:00:00;  2025-07-01 10:00:43
  85:151:6591;  Route_A;               15;          O;           Lausanne, Flon;  2025-07-01 09:42:00;  2025-07-01 09:42:07;    Renens VD, gare;  2025-07-01 10:01:00;  2025-07-01 10:02:01
  85:151:6680;  Route_A;               15;          R;          Renens VD, gare;  2025-07-01 09:48:00;  2025-07-01 09:48:00;     Lausanne, Flon;  2025-07-01 10:07:00;  2025-07-01 10:07:03
  85:151:6458;  Route_A;               15;          O;           Lausanne, Flon;  2025-07-01 09:50:00;  2025-07-01 09:50:00;    Renens VD, gare;  2025-07-01 10:09:00;  2025-07-01 10:08:40
  85:151:6497;  Route_A;               15;          R;          Renens VD, gare;  2025-07-01 09:56:00;  2025-07-01 09:56:00;     Lausanne, Flon;  2025-07-01 10:15:00;  2025-07-01 10:15:59
  85:151:6545;  Route_A;               15;          O;           Lausanne, Flon;  2025-07-01 09:57:00;  2025-07-01 09:57:00;    Renens VD, gare;  2025-07-01 10:16:00;  2025-07-01 10:16:56
  85:151:6636;  Route_A;               15;          R;          Renens VD, gare;  2025-07-01 10:03:00;  2025-07-01 10:03:00;     Lausanne, Flon;  2025-07-01 10:22:00;  2025-07-01 10:22:09
  85:151:6419;  Route_A;               15;          O;           Lausanne, Flon;  2025-07-01 10:05:00;  2025-07-01 10:05:00;    Renens VD, gare;  2025-07-01 10:24:00;  2025-07-01 10:24:35
  85:151:6592;  Route_A;               15;          R;          Renens VD, gare;  2025-07-01 10:11:00;  2025-07-01 10:11:06;     Lausanne, Flon;  2025-07-01 10:30:00;  2025-07-01 10:30:36
  85:151:6681;  Route_A;               15;          O;           Lausanne, Flon;  2025-07-01 10:12:00;  2025-07-01 10:12:00;    Renens VD, gare;  2025-07-01 10:31:00;  2025-07-01 10:31:55
  85:151:6459;  Route_A;               15;          R;          Renens VD, gare;  2025-07-01 10:18:00;  2025-07-01 10:18:00;     Lausanne, Flon;  2025-07-01 10:37:00;  2025-07-01 10:37:17
  85:151:6498;  Route_A;               15;          O;           Lausanne, Flon;  2025-07-01 10:20:00;  2025-07-01 10:20:00;    Renens VD, gare;  2025-07-01 10:39:00;  2025-07-01 10:40:47
  85:151:6546;  Route_A;               15;          R;          Renens VD, gare;  2025-07-01 10:26:00;  2025-07-01 10:26:06;     Lausanne, Flon;  2025-07-01 10:45:00;  2025-07-01 10:45:05
  85:151:6637;  Route_A;               15;          O;           Lausanne, Flon;  2025-07-01 10:27:00;  2025-07-01 10:27:13;    Renens VD, gare;  2025-07-01 10:46:00;  2025-07-01 10:47:49
  85:151:6420;  Route_A;               15;          R;          Renens VD, gare;  2025-07-01 10:33:00;  2025-07-01 10:33:00;     Lausanne, Flon;  2025-07-01 10:52:00;  2025-07-01 10:52:35
  85:151:6593;  Route_A;               15;          O;           Lausanne, Flon;  2025-07-01 10:35:00;  2025-07-01 10:35:00;    Renens VD, gare;  2025-07-01 10:54:00;  2025-07-01 10:54:31
  85:151:6682;  Route_A;               15;          R;          Renens VD, gare;  2025-07-01 10:41:00;  2025-07-01 10:41:07;     Lausanne, Flon;  2025-07-01 11:00:00;  2025-07-01 11:00:02
  85:151:6460;  Route_A;               15;          O;           Lausanne, Flon;  2025-07-01 10:42:00;  2025-07-01 10:42:20;    Renens VD, gare;  2025-07-01 11:01:00;  2025-07-01 11:02:20
  85:151:6499;  Route_A;               15;          R;          Renens VD, gare;  2025-07-01 10:48:00;  2025-07-01 10:48:09;     Lausanne, Flon;  2025-07-01 11:07:00;  2025-07-01 11:06:53
  85:151:6547;  Route_A;               15;          O;           Lausanne, Flon;  2025-07-01 10:50:00;  2025-07-01 10:50:32;    Renens VD, gare;  2025-07-01 11:09:00;  2025-07-01 11:08:55
  85:151:6638;  Route_A;               15;          R;          Renens VD, gare;  2025-07-01 10:56:00;  2025-07-01 10:56:13;     Lausanne, Flon;  2025-07-01 11:15:00;  2025-07-01 11:15:36
  85:151:6421;  Route_A;               15;          O;           Lausanne, Flon;  2025-07-01 10:57:00;  2025-07-01 10:57:06;    Renens VD, gare;  2025-07-01 11:16:00;  2025-07-01 11:17:05
  85:151:6594;  Route_A;               15;          R;          Renens VD, gare;  2025-07-01 11:03:00;  2025-07-01 11:03:00;     Lausanne, Flon;  2025-07-01 11:22:00;  2025-07-01 11:23:39
  85:151:6683;  Route_A;               15;          O;           Lausanne, Flon;  2025-07-01 11:05:00;  2025-07-01 11:05:00;    Renens VD, gare;  2025-07-01 11:24:00;  2025-07-01 11:25:54
  85:151:6461;  Route_A;               15;          R;          Renens VD, gare;  2025-07-01 11:11:00;  2025-07-01 11:11:17;     Lausanne, Flon;  2025-07-01 11:30:00;  2025-07-01 11:30:15
  85:151:6500;  Route_A;               15;          O;           Lausanne, Flon;  2025-07-01 11:12:00;  2025-07-01 11:12:07;    Renens VD, gare;  2025-07-01 11:31:00;  2025-07-01 11:32:07
  85:151:6548;  Route_A;               15;          R;          Renens VD, gare;  2025-07-01 11:18:00;  2025-07-01 11:18:00;     Lausanne, Flon;  2025-07-01 11:37:00;  2025-07-01 11:38:41
  85:151:6639;  Route_A;               15;          O;           Lausanne, Flon;  2025-07-01 11:20:00;  2025-07-01 11:20:21;    Renens VD, gare;  2025-07-01 11:39:00;  2025-07-01 11:41:15
  85:151:6422;  Route_A;               15;          R;          Renens VD, gare;  2025-07-01 11:26:00;  2025-07-01 11:26:00;     Lausanne, Flon;  2025-07-01 11:45:00;  2025-07-01 11:45:06
  85:151:6595;  Route_A;               15;          O;           Lausanne, Flon;  2025-07-01 11:27:00;  2025-07-01 11:27:23;    Renens VD, gare;  2025-07-01 11:46:00;  2025-07-01 11:47:41
  85:151:6684;  Route_A;               15;          R;          Renens VD, gare;  2025-07-01 11:33:00;  2025-07-01 11:33:00;     Lausanne, Flon;  2025-07-01 11:52:00;  2025-07-01 11:52:43
  85:151:6462;  Route_A;               15;          O;           Lausanne, Flon;  2025-07-01 11:35:00;  2025-07-01 11:35:16;    Renens VD, gare;  2025-07-01 11:54:00;  2025-07-01 11:54:50
  85:151:6501;  Route_A;               15;          R;          Renens VD, gare;  2025-07-01 11:41:00;  2025-07-01 11:41:20;     Lausanne, Flon;  2025-07-01 12:00:00;  2025-07-01 11:59:49
  85:151:6549;  Route_A;               15;          O;           Lausanne, Flon;  2025-07-01 11:42:00;  2025-07-01 11:42:08;    Renens VD, gare;  2025-07-01 12:01:00;  2025-07-01 12:02:24
  85:151:6640;  Route_A;               15;          R;          Renens VD, gare;  2025-07-01 11:48:00;  2025-07-01 11:48:00;     Lausanne, Flon;  2025-07-01 12:07:00;  2025-07-01 12:07:41
  85:151:6423;  Route_A;               15;          O;           Lausanne, Flon;  2025-07-01 11:50:00;  2025-07-01 11:50:00;    Renens VD, gare;  2025-07-01 12:09:00;  2025-07-01 12:08:26
  85:151:6596;  Route_A;               15;          R;          Renens VD, gare;  2025-07-01 11:56:00;  2025-07-01 11:56:00;     Lausanne, Flon;  2025-07-01 12:15:00;  2025-07-01 12:14:49
  85:151:6685;  Route_A;               15;          O;           Lausanne, Flon;  2025-07-01 11:57:00;  2025-07-01 11:57:13;    Renens VD, gare;  2025-07-01 12:16:00;  2025-07-01 12:17:29
  85:151:6463;  Route_A;               15;          R;          Renens VD, gare;  2025-07-01 12:03:00;  2025-07-01 12:03:07;     Lausanne, Flon;  2025-07-01 12:22:00;  2025-07-01 12:22:37
  85:151:6502;  Route_A;               15;          O;           Lausanne, Flon;  2025-07-01 12:05:00;  2025-07-01 12:05:00;    Renens VD, gare;  2025-07-01 12:24:00;  2025-07-01 12:24:20
  85:151:6550;  Route_A;               15;          R;          Renens VD, gare;  2025-07-01 12:11:00;  2025-07-01 12:11:00;     Lausanne, Flon;  2025-07-01 12:30:00;  2025-07-01 12:30:50
  85:151:6641;  Route_A;               15;          O;           Lausanne, Flon;  2025-07-01 12:12:00;  2025-07-01 12:12:08;    Renens VD, gare;  2025-07-01 12:31:00;  2025-07-01 12:32:03
  85:151:6424;  Route_A;               15;          R;          Renens VD, gare;  2025-07-01 12:18:00;  2025-07-01 12:18:00;     Lausanne, Flon;  2025-07-01 12:37:00;  2025-07-01 12:38:45
  85:151:6597;  Route_A;               15;          O;           Lausanne, Flon;  2025-07-01 12:20:00;  2025-07-01 12:20:00;    Renens VD, gare;  2025-07-01 12:39:00;  2025-07-01 12:39:00
  85:151:6686;  Route_A;               15;          R;          Renens VD, gare;  2025-07-01 12:26:00;  2025-07-01 12:26:00;     Lausanne, Flon;  2025-07-01 12:45:00;  2025-07-01 12:48:01
  85:151:6464;  Route_A;               15;          O;           Lausanne, Flon;  2025-07-01 12:27:00;  2025-07-01 12:27:00;    Renens VD, gare;  2025-07-01 12:46:00;  2025-07-01 12:47:05
  85:151:6503;  Route_A;               15;          R;          Renens VD, gare;  2025-07-01 12:33:00;  2025-07-01 12:33:00;     Lausanne, Flon;  2025-07-01 12:52:00;  2025-07-01 12:52:28
  85:151:6551;  Route_A;               15;          O;           Lausanne, Flon;  2025-07-01 12:35:00;  2025-07-01 12:35:00;    Renens VD, gare;  2025-07-01 12:54:00;  2025-07-01 12:55:59
  85:151:6642;  Route_A;               15;          R;          Renens VD, gare;  2025-07-01 12:41:00;  2025-07-01 12:41:11;     Lausanne, Flon;  2025-07-01 13:00:00;  2025-07-01 13:00:14
  85:151:6425;  Route_A;               15;          O;           Lausanne, Flon;  2025-07-01 12:42:00;  2025-07-01 12:42:23;    Renens VD, gare;  2025-07-01 13:01:00;  2025-07-01 13:02:22
  85:151:6598;  Route_A;               15;          R;          Renens VD, gare;  2025-07-01 12:48:00;  2025-07-01 12:48:00;     Lausanne, Flon;  2025-07-01 13:07:00;  2025-07-01 13:07:15
  85:151:6687;  Route_A;               15;          O;           Lausanne, Flon;  2025-07-01 12:50:00;  2025-07-01 12:50:23;    Renens VD, gare;  2025-07-01 13:09:00;  2025-07-01 13:11:20
  85:151:6465;  Route_A;               15;          R;          Renens VD, gare;  2025-07-01 12:56:00;  2025-07-01 12:56:07;     Lausanne, Flon;  2025-07-01 13:15:00;  2025-07-01 13:14:25
  85:151:6504;  Route_A;               15;          O;           Lausanne, Flon;  2025-07-01 12:57:00;  2025-07-01 12:57:00;    Renens VD, gare;  2025-07-01 13:16:00;  2025-07-01 13:17:17
  85:151:6552;  Route_A;               15;          R;          Renens VD, gare;  2025-07-01 13:03:00;  2025-07-01 13:03:00;     Lausanne, Flon;  2025-07-01 13:22:00;  2025-07-01 13:22:13
  85:151:6643;  Route_A;               15;          O;           Lausanne, Flon;  2025-07-01 13:05:00;  2025-07-01 13:05:00;    Renens VD, gare;  2025-07-01 13:24:00;  2025-07-01 13:24:04
  85:151:6426;  Route_A;               15;          R;          Renens VD, gare;  2025-07-01 13:11:00;  2025-07-01 13:11:05;     Lausanne, Flon;  2025-07-01 13:30:00;  2025-07-01 13:30:02
  85:151:6599;  Route_A;               15;          O;           Lausanne, Flon;  2025-07-01 13:12:00;  2025-07-01 13:12:00;    Renens VD, gare;  2025-07-01 13:31:00;  2025-07-01 13:32:04
  85:151:6688;  Route_A;               15;          R;          Renens VD, gare;  2025-07-01 13:18:00;  2025-07-01 13:18:00;     Lausanne, Flon;  2025-07-01 13:37:00;  2025-07-01 13:38:33
  85:151:6466;  Route_A;               15;          O;           Lausanne, Flon;  2025-07-01 13:20:00;  2025-07-01 13:20:00;    Renens VD, gare;  2025-07-01 13:39:00;  2025-07-01 13:38:23
  85:151:6505;  Route_A;               15;          R;          Renens VD, gare;  2025-07-01 13:26:00;  2025-07-01 13:26:12;     Lausanne, Flon;  2025-07-01 13:45:00;  2025-07-01 13:46:12
  85:151:6553;  Route_A;               15;          O;           Lausanne, Flon;  2025-07-01 13:27:00;  2025-07-01 13:27:00;    Renens VD, gare;  2025-07-01 13:46:00;  2025-07-01 13:47:36
  85:151:6644;  Route_A;               15;          R;          Renens VD, gare;  2025-07-01 13:33:00;  2025-07-01 13:33:11;     Lausanne, Flon;  2025-07-01 13:52:00;  2025-07-01 13:53:41
  85:151:6427;  Route_A;               15;          O;           Lausanne, Flon;  2025-07-01 13:35:00;  2025-07-01 13:35:20;    Renens VD, gare;  2025-07-01 13:54:00;  2025-07-01 13:54:20
  85:151:6600;  Route_A;               15;          R;          Renens VD, gare;  2025-07-01 13:41:00;  2025-07-01 13:41:19;     Lausanne, Flon;  2025-07-01 14:00:00;  2025-07-01 14:00:55
  85:151:6689;  Route_A;               15;          O;           Lausanne, Flon;  2025-07-01 13:42:00;  2025-07-01 13:42:00;    Renens VD, gare;  2025-07-01 14:01:00;  2025-07-01 14:03:21
  85:151:6467;  Route_A;               15;          R;          Renens VD, gare;  2025-07-01 13:48:00;  2025-07-01 13:48:06;     Lausanne, Flon;  2025-07-01 14:07:00;  2025-07-01 14:07:18
  85:151:6506;  Route_A;               15;          O;           Lausanne, Flon;  2025-07-01 13:50:00;  2025-07-01 13:50:00;    Renens VD, gare;  2025-07-01 14:09:00;  2025-07-01 14:09:56
  85:151:6554;  Route_A;               15;          R;          Renens VD, gare;  2025-07-01 13:56:00;  2025-07-01 13:56:20;     Lausanne, Flon;  2025-07-01 14:15:00;  2025-07-01 14:15:23
  85:151:6645;  Route_A;               15;          O;           Lausanne, Flon;  2025-07-01 13:57:00;  2025-07-01 13:57:00;    Renens VD, gare;  2025-07-01 14:16:00;  2025-07-01 14:16:57
  85:151:6428;  Route_A;               15;          R;          Renens VD, gare;  2025-07-01 14:03:00;  2025-07-01 14:03:22;     Lausanne, Flon;  2025-07-01 14:22:00;  2025-07-01 14:23:11
  85:151:6601;  Route_A;               15;          O;           Lausanne, Flon;  2025-07-01 14:05:00;  2025-07-01 14:05:21;    Renens VD, gare;  2025-07-01 14:24:00;  2025-07-01 14:24:37
  85:151:6690;  Route_A;               15;          R;          Renens VD, gare;  2025-07-01 14:11:00;  2025-07-01 14:11:00;     Lausanne, Flon;  2025-07-01 14:30:00;  2025-07-01 14:29:21
  85:151:6468;  Route_A;               15;          O;           Lausanne, Flon;  2025-07-01 14:12:00;  2025-07-01 14:12:00;    Renens VD, gare;  2025-07-01 14:31:00;  2025-07-01 14:32:11
  85:151:6507;  Route_A;               15;          R;          Renens VD, gare;  2025-07-01 14:18:00;  2025-07-01 14:18:10;     Lausanne, Flon;  2025-07-01 14:37:00;  2025-07-01 14:38:02
  85:151:6555;  Route_A;               15;          O;           Lausanne, Flon;  2025-07-01 14:20:00;  2025-07-01 14:20:12;    Renens VD, gare;  2025-07-01 14:39:00;  2025-07-01 14:39:29
  85:151:6646;  Route_A;               15;          R;          Renens VD, gare;  2025-07-01 14:26:00;  2025-07-01 14:26:20;     Lausanne, Flon;  2025-07-01 14:45:00;  2025-07-01 14:44:39
  85:151:6429;  Route_A;               15;          O;           Lausanne, Flon;  2025-07-01 14:27:00;  2025-07-01 14:27:10;    Renens VD, gare;  2025-07-01 14:46:00;  2025-07-01 14:46:30
  85:151:6602;  Route_A;               15;          R;          Renens VD, gare;  2025-07-01 14:33:00;  2025-07-01 14:33:00;     Lausanne, Flon;  2025-07-01 14:52:00;  2025-07-01 14:52:25
  85:151:6691;  Route_A;               15;          O;           Lausanne, Flon;  2025-07-01 14:35:00;  2025-07-01 14:35:00;    Renens VD, gare;  2025-07-01 14:54:00;  2025-07-01 14:53:26
  85:151:6469;  Route_A;               15;          R;          Renens VD, gare;  2025-07-01 14:41:00;  2025-07-01 14:41:00;     Lausanne, Flon;  2025-07-01 15:00:00;  2025-07-01 14:59:50
  85:151:6508;  Route_A;               15;          O;           Lausanne, Flon;  2025-07-01 14:42:00;  2025-07-01 14:42:08;    Renens VD, gare;  2025-07-01 15:01:00;  2025-07-01 15:02:06
  85:151:6556;  Route_A;               15;          R;          Renens VD, gare;  2025-07-01 14:48:00;  2025-07-01 14:48:15;     Lausanne, Flon;  2025-07-01 15:07:00;  2025-07-01 15:07:33
  85:151:6647;  Route_A;               15;          O;           Lausanne, Flon;  2025-07-01 14:50:00;  2025-07-01 14:50:13;    Renens VD, gare;  2025-07-01 15:09:00;  2025-07-01 15:08:14
  85:151:6430;  Route_A;               15;          R;          Renens VD, gare;  2025-07-01 14:56:00;  2025-07-01 14:56:00;     Lausanne, Flon;  2025-07-01 15:15:00;  2025-07-01 15:14:48
  85:151:6603;  Route_A;               15;          O;           Lausanne, Flon;  2025-07-01 14:57:00;  2025-07-01 14:57:13;    Renens VD, gare;  2025-07-01 15:16:00;  2025-07-01 15:16:53
  85:151:6692;  Route_A;               15;          R;          Renens VD, gare;  2025-07-01 15:03:00;  2025-07-01 15:03:00;     Lausanne, Flon;  2025-07-01 15:22:00;  2025-07-01 15:22:35
  85:151:6470;  Route_A;               15;          O;           Lausanne, Flon;  2025-07-01 15:05:00;  2025-07-01 15:05:43;    Renens VD, gare;  2025-07-01 15:24:00;  2025-07-01 15:25:56
  85:151:6509;  Route_A;               15;          R;          Renens VD, gare;  2025-07-01 15:11:00;  2025-07-01 15:11:00;     Lausanne, Flon;  2025-07-01 15:30:00;  2025-07-01 15:30:03
  85:151:6557;  Route_A;               15;          O;           Lausanne, Flon;  2025-07-01 15:12:00;  2025-07-01 15:12:26;    Renens VD, gare;  2025-07-01 15:31:00;  2025-07-01 15:32:19
  85:151:6648;  Route_A;               15;          R;          Renens VD, gare;  2025-07-01 15:18:00;  2025-07-01 15:18:12;     Lausanne, Flon;  2025-07-01 15:37:00;  2025-07-01 15:37:16
  85:151:6431;  Route_A;               15;          O;           Lausanne, Flon;  2025-07-01 15:20:00;  2025-07-01 15:20:19;    Renens VD, gare;  2025-07-01 15:39:00;  2025-07-01 15:38:19
  85:151:6604;  Route_A;               15;          R;          Renens VD, gare;  2025-07-01 15:26:00;  2025-07-01 15:26:07;     Lausanne, Flon;  2025-07-01 15:45:00;  2025-07-01 15:44:50
  85:151:6693;  Route_A;               15;          O;           Lausanne, Flon;  2025-07-01 15:27:00;  2025-07-01 15:27:00;    Renens VD, gare;  2025-07-01 15:46:00;  2025-07-01 15:47:07
  85:151:6471;  Route_A;               15;          R;          Renens VD, gare;  2025-07-01 15:33:00;  2025-07-01 15:33:00;     Lausanne, Flon;  2025-07-01 15:52:00;  2025-07-01 15:52:56
  85:151:6510;  Route_A;               15;          O;           Lausanne, Flon;  2025-07-01 15:35:00;  2025-07-01 15:35:00;    Renens VD, gare;  2025-07-01 15:54:00;  2025-07-01 15:54:03
  85:151:6558;  Route_A;               15;          R;          Renens VD, gare;  2025-07-01 15:41:00;  2025-07-01 15:41:11;     Lausanne, Flon;  2025-07-01 16:00:00;  2025-07-01 15:59:59
  85:151:6649;  Route_A;               15;          O;           Lausanne, Flon;  2025-07-01 15:42:00;  2025-07-01 15:42:10;    Renens VD, gare;  2025-07-01 16:01:00;  2025-07-01 16:01:50
  85:151:6432;  Route_A;               15;          R;          Renens VD, gare;  2025-07-01 15:48:00;  2025-07-01 15:48:14;     Lausanne, Flon;  2025-07-01 16:07:00;  2025-07-01 16:07:17
  85:151:6605;  Route_A;               15;          O;           Lausanne, Flon;  2025-07-01 15:50:00;  2025-07-01 15:50:00;    Renens VD, gare;  2025-07-01 16:09:00;  2025-07-01 16:09:25
  85:151:6694;  Route_A;               15;          R;          Renens VD, gare;  2025-07-01 15:56:00;  2025-07-01 15:56:00;     Lausanne, Flon;  2025-07-01 16:15:00;  2025-07-01 16:15:50
  85:151:6472;  Route_A;               15;          O;           Lausanne, Flon;  2025-07-01 15:57:00;  2025-07-01 15:57:16;    Renens VD, gare;  2025-07-01 16:16:00;  2025-07-01 16:16:56
  85:151:6511;  Route_A;               15;          R;          Renens VD, gare;  2025-07-01 16:03:00;  2025-07-01 16:03:00;     Lausanne, Flon;  2025-07-01 16:22:00;  2025-07-01 16:23:13
  85:151:6559;  Route_A;               15;          O;           Lausanne, Flon;  2025-07-01 16:05:00;  2025-07-01 16:05:00;    Renens VD, gare;  2025-07-01 16:24:00;  2025-07-01 16:31:50
  85:151:6650;  Route_A;               15;          R;          Renens VD, gare;  2025-07-01 16:11:00;  2025-07-01 16:11:00;     Lausanne, Flon;  2025-07-01 16:30:00;  2025-07-01 16:31:07
  85:151:6433;  Route_A;               15;          O;           Lausanne, Flon;  2025-07-01 16:12:00;  2025-07-01 16:12:16;    Renens VD, gare;  2025-07-01 16:31:00;  2025-07-01 16:33:42
  85:151:6606;  Route_A;               15;          R;          Renens VD, gare;  2025-07-01 16:18:00;  2025-07-01 16:18:00;     Lausanne, Flon;  2025-07-01 16:37:00;  2025-07-01 16:42:48
  85:151:6695;  Route_A;               15;          O;           Lausanne, Flon;  2025-07-01 16:20:00;  2025-07-01 16:20:27;    Renens VD, gare;  2025-07-01 16:39:00;  2025-07-01 16:40:48
  85:151:6473;  Route_A;               15;          R;          Renens VD, gare;  2025-07-01 16:26:00;  2025-07-01 16:26:12;     Lausanne, Flon;  2025-07-01 16:45:00;  2025-07-01 16:45:51
  85:151:6512;  Route_A;               15;          O;           Lausanne, Flon;  2025-07-01 16:27:00;  2025-07-01 16:27:00;    Renens VD, gare;  2025-07-01 16:46:00;  2025-07-01 16:47:23
  85:151:6560;  Route_A;               15;          R;          Renens VD, gare;  2025-07-01 16:33:00;  2025-07-01 16:33:51;     Lausanne, Flon;  2025-07-01 16:52:00;  2025-07-01 16:53:07
  85:151:6651;  Route_A;               15;          O;           Lausanne, Flon;  2025-07-01 16:35:00;  2025-07-01 16:35:00;    Renens VD, gare;  2025-07-01 16:54:00;  2025-07-01 16:54:48
  85:151:6434;  Route_A;               15;          R;          Renens VD, gare;  2025-07-01 16:41:00;  2025-07-01 16:41:14;     Lausanne, Flon;  2025-07-01 17:00:00;  2025-07-01 17:01:08
  85:151:6607;  Route_A;               15;          O;           Lausanne, Flon;  2025-07-01 16:42:00;  2025-07-01 16:59:58;    Renens VD, gare;  2025-07-01 17:01:00;  2025-07-01 17:02:17
  85:151:6696;  Route_A;               15;          R;          Renens VD, gare;  2025-07-01 16:48:00;  2025-07-01 16:48:21;     Lausanne, Flon;  2025-07-01 17:07:00;  2025-07-01 17:07:58
  85:151:6474;  Route_A;               15;          O;           Lausanne, Flon;  2025-07-01 16:50:00;  2025-07-01 16:50:00;    Renens VD, gare;  2025-07-01 17:09:00;  2025-07-01 17:09:50
  85:151:6513;  Route_A;               15;          R;          Renens VD, gare;  2025-07-01 16:56:00;  2025-07-01 16:56:08;     Lausanne, Flon;  2025-07-01 17:15:00;  2025-07-01 17:15:35
  85:151:6561;  Route_A;               15;          O;           Lausanne, Flon;  2025-07-01 16:57:00;  2025-07-01 16:57:00;    Renens VD, gare;  2025-07-01 17:16:00;  2025-07-01 17:17:18
  85:151:6652;  Route_A;               15;          R;          Renens VD, gare;  2025-07-01 17:03:00;  2025-07-01 17:03:07;     Lausanne, Flon;  2025-07-01 17:22:00;  2025-07-01 17:23:48
  85:151:6435;  Route_A;               15;          O;           Lausanne, Flon;  2025-07-01 17:05:00;  2025-07-01 17:05:16;    Renens VD, gare;  2025-07-01 17:24:00;  2025-07-01 17:25:55
  85:151:6608;  Route_A;               15;          R;          Renens VD, gare;  2025-07-01 17:11:00;  2025-07-01 17:11:00;     Lausanne, Flon;  2025-07-01 17:30:00;  2025-07-01 17:30:27
  85:151:6697;  Route_A;               15;          O;           Lausanne, Flon;  2025-07-01 17:12:00;  2025-07-01 17:12:39;    Renens VD, gare;  2025-07-01 17:31:00;  2025-07-01 17:33:15
  85:151:6475;  Route_A;               15;          R;          Renens VD, gare;  2025-07-01 17:18:00;  2025-07-01 17:18:00;     Lausanne, Flon;  2025-07-01 17:37:00;  2025-07-01 17:38:49
  85:151:6514;  Route_A;               15;          O;           Lausanne, Flon;  2025-07-01 17:20:00;  2025-07-01 17:20:00;    Renens VD, gare;  2025-07-01 17:39:00;  2025-07-01 17:41:32
  85:151:6562;  Route_A;               15;          R;          Renens VD, gare;  2025-07-01 17:26:00;  2025-07-01 17:26:08;     Lausanne, Flon;  2025-07-01 17:45:00;  2025-07-01 17:48:38
  85:151:6653;  Route_A;               15;          O;           Lausanne, Flon;  2025-07-01 17:27:00;  2025-07-01 17:27:00;    Renens VD, gare;  2025-07-01 17:46:00;  2025-07-01 17:48:01
  85:151:6436;  Route_A;               15;          R;          Renens VD, gare;  2025-07-01 17:33:00;  2025-07-01 17:33:00;     Lausanne, Flon;  2025-07-01 17:52:00;  2025-07-01 17:53:03
  85:151:6609;  Route_A;               15;          O;           Lausanne, Flon;  2025-07-01 17:35:00;  2025-07-01 17:35:00;    Renens VD, gare;  2025-07-01 17:54:00;  2025-07-01 17:54:00
  85:151:6698;  Route_A;               15;          R;          Renens VD, gare;  2025-07-01 17:41:00;  2025-07-01 17:41:24;     Lausanne, Flon;  2025-07-01 18:00:00;  2025-07-01 18:01:00
  85:151:6476;  Route_A;               15;          O;           Lausanne, Flon;  2025-07-01 17:42:00;  2025-07-01 17:42:10;    Renens VD, gare;  2025-07-01 18:01:00;  2025-07-01 18:02:39
  85:151:6515;  Route_A;               15;          R;          Renens VD, gare;  2025-07-01 17:48:00;  2025-07-01 17:48:06;     Lausanne, Flon;  2025-07-01 18:07:00;  2025-07-01 18:07:54
  85:151:6563;  Route_A;               15;          O;           Lausanne, Flon;  2025-07-01 17:50:00;  2025-07-01 17:50:00;    Renens VD, gare;  2025-07-01 18:09:00;  2025-07-01 18:09:35
  85:151:6654;  Route_A;               15;          R;          Renens VD, gare;  2025-07-01 17:56:00;  2025-07-01 17:56:00;     Lausanne, Flon;  2025-07-01 18:15:00;  2025-07-01 18:15:37
  85:151:6437;  Route_A;               15;          O;           Lausanne, Flon;  2025-07-01 17:57:00;  2025-07-01 17:57:00;    Renens VD, gare;  2025-07-01 18:16:00;  2025-07-01 18:17:35
  85:151:6610;  Route_A;               15;          R;          Renens VD, gare;  2025-07-01 18:03:00;  2025-07-01 18:03:11;     Lausanne, Flon;  2025-07-01 18:22:00;  2025-07-01 18:23:40
  85:151:6699;  Route_A;               15;          O;           Lausanne, Flon;  2025-07-01 18:05:00;  2025-07-01 18:05:11;    Renens VD, gare;  2025-07-01 18:24:00;  2025-07-01 18:23:10
  85:151:6477;  Route_A;               15;          R;          Renens VD, gare;  2025-07-01 18:11:00;  2025-07-01 18:11:16;     Lausanne, Flon;  2025-07-01 18:30:00;  2025-07-01 18:30:55
  85:151:6516;  Route_A;               15;          O;           Lausanne, Flon;  2025-07-01 18:12:00;  2025-07-01 18:12:24;    Renens VD, gare;  2025-07-01 18:31:00;  2025-07-01 18:34:11
  85:151:6564;  Route_A;               15;          R;          Renens VD, gare;  2025-07-01 18:18:00;  2025-07-01 18:18:00;     Lausanne, Flon;  2025-07-01 18:37:00;  2025-07-01 18:37:04
  85:151:6655;  Route_A;               15;          O;           Lausanne, Flon;  2025-07-01 18:20:00;  2025-07-01 18:20:00;    Renens VD, gare;  2025-07-01 18:39:00;  2025-07-01 18:40:20
  85:151:6438;  Route_A;               15;          R;          Renens VD, gare;  2025-07-01 18:26:00;  2025-07-01 18:26:10;     Lausanne, Flon;  2025-07-01 18:45:00;  2025-07-01 18:45:56
  85:151:6611;  Route_A;               15;          O;           Lausanne, Flon;  2025-07-01 18:27:00;  2025-07-01 18:27:06;    Renens VD, gare;  2025-07-01 18:46:00;  2025-07-01 18:47:03
  85:151:6700;  Route_A;               15;          R;          Renens VD, gare;  2025-07-01 18:33:00;  2025-07-01 18:33:52;     Lausanne, Flon;  2025-07-01 18:52:00;  2025-07-01 18:51:57
  85:151:6478;  Route_A;               15;          O;           Lausanne, Flon;  2025-07-01 18:35:00;  2025-07-01 18:35:14;    Renens VD, gare;  2025-07-01 18:54:00;  2025-07-01 18:54:41
  85:151:6517;  Route_A;               15;          R;          Renens VD, gare;  2025-07-01 18:41:00;  2025-07-01 18:41:17;     Lausanne, Flon;  2025-07-01 19:00:00;  2025-07-01 19:00:57
  85:151:6565;  Route_A;               15;          O;           Lausanne, Flon;  2025-07-01 18:42:00;  2025-07-01 18:42:00;    Renens VD, gare;  2025-07-01 19:01:00;  2025-07-01 19:01:18
  85:151:6656;  Route_A;               15;          R;          Renens VD, gare;  2025-07-01 18:48:00;  2025-07-01 18:48:18;     Lausanne, Flon;  2025-07-01 19:07:00;  2025-07-01 19:08:51
  85:151:6439;  Route_A;               15;          O;           Lausanne, Flon;  2025-07-01 18:50:00;  2025-07-01 18:50:00;    Renens VD, gare;  2025-07-01 19:09:00;  2025-07-01 19:09:53
  85:151:6612;  Route_A;               15;          R;          Renens VD, gare;  2025-07-01 18:56:00;  2025-07-01 18:56:00;     Lausanne, Flon;  2025-07-01 19:15:00;  2025-07-01 19:15:00
  85:151:6701;  Route_A;               15;          O;           Lausanne, Flon;  2025-07-01 18:57:00;  2025-07-01 18:57:21;    Renens VD, gare;  2025-07-01 19:16:00;  2025-07-01 19:17:29
  85:151:6479;  Route_A;               15;          R;          Renens VD, gare;  2025-07-01 19:03:00;  2025-07-01 19:03:14;     Lausanne, Flon;  2025-07-01 19:22:00;  2025-07-01 19:22:44
  85:151:6518;  Route_A;               15;          O;           Lausanne, Flon;  2025-07-01 19:05:00;  2025-07-01 19:05:26;    Renens VD, gare;  2025-07-01 19:24:00;  2025-07-01 19:25:51
  85:151:6566;  Route_A;               15;          R;          Renens VD, gare;  2025-07-01 19:11:00;  2025-07-01 19:11:08;     Lausanne, Flon;  2025-07-01 19:30:00;  2025-07-01 19:30:33
  85:151:6657;  Route_A;               15;          O;           Lausanne, Flon;  2025-07-01 19:12:00;  2025-07-01 19:12:00;    Renens VD, gare;  2025-07-01 19:31:00;  2025-07-01 19:32:38
  85:151:6440;  Route_A;               15;          R;          Renens VD, gare;  2025-07-01 19:18:00;  2025-07-01 19:18:00;     Lausanne, Flon;  2025-07-01 19:37:00;  2025-07-01 19:38:50
  85:151:6613;  Route_A;               15;          O;           Lausanne, Flon;  2025-07-01 19:20:00;  2025-07-01 19:20:00;    Renens VD, gare;  2025-07-01 19:39:00;  2025-07-01 19:41:36
  85:151:6702;  Route_A;               15;          R;          Renens VD, gare;  2025-07-01 19:26:00;  2025-07-01 19:26:05;     Lausanne, Flon;  2025-07-01 19:45:00;  2025-07-01 19:44:58
  85:151:6480;  Route_A;               15;          O;           Lausanne, Flon;  2025-07-01 19:27:00;  2025-07-01 19:27:17;    Renens VD, gare;  2025-07-01 19:46:00;  2025-07-01 19:48:02
  85:151:6519;  Route_A;               15;          R;          Renens VD, gare;  2025-07-01 19:33:00;  2025-07-01 19:33:17;     Lausanne, Flon;  2025-07-01 19:52:00;  2025-07-01 19:52:54
  85:151:6567;  Route_A;               15;          O;           Lausanne, Flon;  2025-07-01 19:35:00;  2025-07-01 19:35:00;    Renens VD, gare;  2025-07-01 19:54:00;  2025-07-01 19:54:40
  85:151:6658;  Route_A;               15;          R;          Renens VD, gare;  2025-07-01 19:41:00;  2025-07-01 19:41:20;     Lausanne, Flon;  2025-07-01 20:00:00;  2025-07-01 20:00:14
  85:151:6441;  Route_A;               15;          O;           Lausanne, Flon;  2025-07-01 19:42:00;  2025-07-01 19:42:05;    Renens VD, gare;  2025-07-01 20:01:00;  2025-07-01 20:02:00
  85:151:6614;  Route_A;               15;          R;          Renens VD, gare;  2025-07-01 19:48:00;  2025-07-01 19:48:00;     Lausanne, Flon;  2025-07-01 20:07:00;  2025-07-01 20:07:23
  85:151:6703;  Route_A;               15;          O;           Lausanne, Flon;  2025-07-01 19:50:00;  2025-07-01 19:50:00;    Renens VD, gare;  2025-07-01 20:09:00;  2025-07-01 20:09:29
  85:151:6481;  Route_A;               15;          R;          Renens VD, gare;  2025-07-01 19:56:00;  2025-07-01 19:56:12;     Lausanne, Flon;  2025-07-01 20:15:00;  2025-07-01 20:14:35
  85:151:6520;  Route_A;               15;          O;           Lausanne, Flon;  2025-07-01 19:57:00;  2025-07-01 19:57:23;    Renens VD, gare;  2025-07-01 20:16:00;  2025-07-01 20:16:42
  85:151:6568;  Route_A;               15;          R;          Renens VD, gare;  2025-07-01 20:03:00;  2025-07-01 20:03:10;     Lausanne, Flon;  2025-07-01 20:22:00;  2025-07-01 20:22:15
  85:151:6659;  Route_A;               15;          O;           Lausanne, Flon;  2025-07-01 20:05:00;  2025-07-01 20:05:05;    Renens VD, gare;  2025-07-01 20:24:00;  2025-07-01 20:25:47
  85:151:6442;  Route_A;               15;          R;          Renens VD, gare;  2025-07-01 20:11:00;  2025-07-01 20:11:00;     Lausanne, Flon;  2025-07-01 20:30:00;  2025-07-01 20:29:50
  85:151:6615;  Route_A;               15;          O;           Lausanne, Flon;  2025-07-01 20:12:00;  2025-07-01 20:12:00;    Renens VD, gare;  2025-07-01 20:31:00;  2025-07-01 20:31:35
  85:151:6704;  Route_A;               15;          R;          Renens VD, gare;  2025-07-01 20:18:00;  2025-07-01 20:18:08;     Lausanne, Flon;  2025-07-01 20:37:00;  2025-07-01 20:37:00
  85:151:6482;  Route_A;               15;          O;           Lausanne, Flon;  2025-07-01 20:20:00;  2025-07-01 20:20:00;    Renens VD, gare;  2025-07-01 20:39:00;  2025-07-01 20:39:33
  85:151:6521;  Route_A;               15;          R;          Renens VD, gare;  2025-07-01 20:26:00;  2025-07-01 20:26:08;     Lausanne, Flon;  2025-07-01 20:45:00;  2025-07-01 20:44:17
  85:151:6569;  Route_A;               15;          O;           Lausanne, Flon;  2025-07-01 20:27:00;  2025-07-01 20:27:24;    Renens VD, gare;  2025-07-01 20:46:00;  2025-07-01 20:47:02
  85:151:6660;  Route_A;               15;          R;          Renens VD, gare;  2025-07-01 20:33:00;  2025-07-01 20:33:14;     Lausanne, Flon;  2025-07-01 20:52:00;  2025-07-01 20:53:11
  85:151:6443;  Route_A;               15;          O;           Lausanne, Flon;  2025-07-01 20:35:00;  2025-07-01 20:35:00;    Renens VD, gare;  2025-07-01 20:54:00;  2025-07-01 20:54:13
  85:151:6616;  Route_A;               15;          R;          Renens VD, gare;  2025-07-01 20:41:00;  2025-07-01 20:41:00;     Lausanne, Flon;  2025-07-01 21:00:00;  2025-07-01 21:01:36
  85:151:6705;  Route_A;               15;          O;           Lausanne, Flon;  2025-07-01 20:42:00;  2025-07-01 20:42:10;    Renens VD, gare;  2025-07-01 21:01:00;  2025-07-01 21:01:37
  85:151:6483;  Route_A;               15;          R;          Renens VD, gare;  2025-07-01 20:48:00;  2025-07-01 20:48:00;     Lausanne, Flon;  2025-07-01 21:07:00;  2025-07-01 21:06:06
  85:151:6522;  Route_A;               15;          O;           Lausanne, Flon;  2025-07-01 20:50:00;  2025-07-01 20:50:08;    Renens VD, gare;  2025-07-01 21:09:00;  2025-07-01 21:10:30
  85:151:6570;  Route_A;               15;          R;          Renens VD, gare;  2025-07-01 20:57:00;  2025-07-01 20:57:10;     Lausanne, Flon;  2025-07-01 21:16:00;  2025-07-01 21:16:57
  85:151:6661;  Route_A;               15;          O;           Lausanne, Flon;  2025-07-01 21:00:00;  2025-07-01 21:00:00;    Renens VD, gare;  2025-07-01 21:19:00;  2025-07-01 21:20:27
  85:151:6444;  Route_B;                6;          R;          Renens VD, gare;  2025-07-01 21:02:00;  2025-07-01 21:02:00;  Ecublens VD, EPFL;  2025-07-01 21:08:00;  2025-07-01 21:08:17
  85:151:6706;  Route_A;               15;          R;          Renens VD, gare;  2025-07-01 21:07:00;  2025-07-01 21:08:00;     Lausanne, Flon;  2025-07-01 21:26:00;  2025-07-01 21:25:22
  85:151:6617;  Route_A;               15;          O;           Lausanne, Flon;  2025-07-01 21:10:00;  2025-07-01 21:10:05;    Renens VD, gare;  2025-07-01 21:29:00;  2025-07-01 21:30:08
  85:151:6523;  Route_A;               15;          R;          Renens VD, gare;  2025-07-01 21:17:00;  2025-07-01 21:17:08;     Lausanne, Flon;  2025-07-01 21:36:00;  2025-07-01 21:35:09
  85:151:6571;  Route_A;               15;          O;           Lausanne, Flon;  2025-07-01 21:20:00;  2025-07-01 21:20:00;    Renens VD, gare;  2025-07-01 21:39:00;  2025-07-01 21:39:42
  85:151:6662;  Route_A;               15;          R;          Renens VD, gare;  2025-07-01 21:27:00;  2025-07-01 21:27:13;     Lausanne, Flon;  2025-07-01 21:46:00;  2025-07-01 21:47:07
  85:151:6707;  Route_A;               15;          O;           Lausanne, Flon;  2025-07-01 21:30:00;  2025-07-01 21:30:00;    Renens VD, gare;  2025-07-01 21:49:00;  2025-07-01 21:50:16
  85:151:6618;  Route_A;               15;          R;          Renens VD, gare;  2025-07-01 21:37:00;  2025-07-01 21:37:00;     Lausanne, Flon;  2025-07-01 21:56:00;  2025-07-01 21:55:06
  85:151:6524;  Route_A;               15;          O;           Lausanne, Flon;  2025-07-01 21:40:00;  2025-07-01 21:40:34;    Renens VD, gare;  2025-07-01 21:59:00;  2025-07-01 22:00:06
  85:151:6572;  Route_A;               15;          R;          Renens VD, gare;  2025-07-01 21:47:00;  2025-07-01 21:47:14;     Lausanne, Flon;  2025-07-01 22:06:00;  2025-07-01 22:07:23
  85:151:6663;  Route_A;               15;          O;           Lausanne, Flon;  2025-07-01 21:50:00;  2025-07-01 21:50:00;    Renens VD, gare;  2025-07-01 22:09:00;  2025-07-01 22:10:10
  85:151:6708;  Route_A;               15;          R;          Renens VD, gare;  2025-07-01 21:57:00;  2025-07-01 21:57:06;     Lausanne, Flon;  2025-07-01 22:16:00;  2025-07-01 22:15:17
  85:151:6619;  Route_A;               15;          O;           Lausanne, Flon;  2025-07-01 22:00:00;  2025-07-01 22:00:00;    Renens VD, gare;  2025-07-01 22:19:00;  2025-07-01 22:19:58
  85:151:6525;  Route_A;               15;          R;          Renens VD, gare;  2025-07-01 22:07:00;  2025-07-01 22:07:08;     Lausanne, Flon;  2025-07-01 22:26:00;  2025-07-01 22:25:05
  85:151:6573;  Route_A;               15;          O;           Lausanne, Flon;  2025-07-01 22:10:00;  2025-07-01 22:10:24;    Renens VD, gare;  2025-07-01 22:29:00;  2025-07-01 22:30:04
  85:151:6664;  Route_A;               15;          R;          Renens VD, gare;  2025-07-01 22:17:00;  2025-07-01 22:17:00;     Lausanne, Flon;  2025-07-01 22:36:00;  2025-07-01 22:37:30
  85:151:6709;  Route_A;               15;          O;           Lausanne, Flon;  2025-07-01 22:20:00;  2025-07-01 22:20:00;    Renens VD, gare;  2025-07-01 22:39:00;  2025-07-01 22:40:12
  85:151:6620;  Route_A;               15;          R;          Renens VD, gare;  2025-07-01 22:27:00;  2025-07-01 22:27:10;     Lausanne, Flon;  2025-07-01 22:46:00;  2025-07-01 22:46:10
  85:151:6526;  Route_A;               15;          O;           Lausanne, Flon;  2025-07-01 22:30:00;  2025-07-01 22:30:56;    Renens VD, gare;  2025-07-01 22:49:00;  2025-07-01 22:49:56
  85:151:6574;  Route_A;               15;          R;          Renens VD, gare;  2025-07-01 22:37:00;  2025-07-01 22:37:00;     Lausanne, Flon;  2025-07-01 22:56:00;  2025-07-01 22:55:53
  85:151:6665;  Route_A;               15;          O;           Lausanne, Flon;  2025-07-01 22:40:00;  2025-07-01 22:40:00;    Renens VD, gare;  2025-07-01 22:59:00;  2025-07-01 23:00:00
  85:151:6710;  Route_A;               15;          R;          Renens VD, gare;  2025-07-01 22:47:00;  2025-07-01 22:47:00;     Lausanne, Flon;  2025-07-01 23:06:00;  2025-07-01 23:05:26
  85:151:6621;  Route_A;               15;          O;           Lausanne, Flon;  2025-07-01 22:50:00;  2025-07-01 22:50:06;    Renens VD, gare;  2025-07-01 23:09:00;  2025-07-01 23:09:45
  85:151:6527;  Route_A;               15;          R;          Renens VD, gare;  2025-07-01 22:57:00;  2025-07-01 22:57:00;     Lausanne, Flon;  2025-07-01 23:16:00;  2025-07-01 23:15:02
  85:151:6575;  Route_A;               15;          O;           Lausanne, Flon;  2025-07-01 23:00:00;  2025-07-01 23:00:00;    Renens VD, gare;  2025-07-01 23:19:00;  2025-07-01 23:20:17
  85:151:6666;  Route_A;               15;          R;          Renens VD, gare;  2025-07-01 23:07:00;  2025-07-01 23:07:00;     Lausanne, Flon;  2025-07-01 23:26:00;  2025-07-01 23:24:57
  85:151:6711;  Route_A;               15;          O;           Lausanne, Flon;  2025-07-01 23:10:00;  2025-07-01 23:10:00;    Renens VD, gare;  2025-07-01 23:29:00;  2025-07-01 23:30:04
  85:151:6622;  Route_A;               15;          R;          Renens VD, gare;  2025-07-01 23:17:00;  2025-07-01 23:17:08;     Lausanne, Flon;  2025-07-01 23:36:00;  2025-07-01 23:37:51
  85:151:6528;  Route_A;               15;          O;           Lausanne, Flon;  2025-07-01 23:20:00;  2025-07-01 23:20:00;    Renens VD, gare;  2025-07-01 23:39:00;  2025-07-01 23:39:56
  85:151:6576;  Route_A;               15;          R;          Renens VD, gare;  2025-07-01 23:27:00;  2025-07-01 23:27:00;     Lausanne, Flon;  2025-07-01 23:46:00;  2025-07-01 23:45:28
  85:151:6667;  Route_A;               15;          O;           Lausanne, Flon;  2025-07-01 23:30:00;  2025-07-01 23:30:00;    Renens VD, gare;  2025-07-01 23:49:00;  2025-07-01 23:50:17
  85:151:6712;  Route_A;               15;          R;          Renens VD, gare;  2025-07-01 23:37:00;  2025-07-01 23:37:00;     Lausanne, Flon;  2025-07-01 23:56:00;  2025-07-01 23:55:21
  85:151:6623;  Route_A;               15;          O;           Lausanne, Flon;  2025-07-01 23:40:00;  2025-07-01 23:40:00;    Renens VD, gare;  2025-07-01 23:59:00;  2025-08-01 00:00:00
  85:151:6529;  Route_A;               15;          R;          Renens VD, gare;  2025-07-01 23:47:00;  2025-07-01 23:47:10;     Lausanne, Flon;  2025-08-01 00:06:00;  2025-08-01 00:05:10
  85:151:6577;  Route_A;               15;          O;           Lausanne, Flon;  2025-07-01 23:50:00;  2025-07-01 23:50:11;    Renens VD, gare;  2025-08-01 00:09:00;  2025-08-01 00:10:11
  85:151:6668;  Route_A;               15;          R;          Renens VD, gare;  2025-07-01 23:57:00;  2025-07-01 23:57:00;     Lausanne, Flon;  2025-08-01 00:16:00;  2025-08-01 00:15:06
  85:151:6713;  Route_A;               15;          O;           Lausanne, Flon;  2025-08-01 00:00:00;  2025-08-01 00:00:00;    Renens VD, gare;  2025-08-01 00:19:00;  2025-08-01 00:18:33
  85:151:6624;  Route_A;               15;          R;          Renens VD, gare;  2025-08-01 00:07:00;  2025-08-01 00:07:00;     Lausanne, Flon;  2025-08-01 00:26:00;  2025-08-01 00:26:00
  85:151:6530;  Route_A;               15;          O;           Lausanne, Flon;  2025-08-01 00:10:00;  2025-08-01 00:10:10;    Renens VD, gare;  2025-08-01 00:29:00;  2025-08-01 00:29:23
  85:151:6578;  Route_B;                6;          R;          Renens VD, gare;  2025-08-01 00:12:00;  2025-08-01 00:12:51;  Ecublens VD, EPFL;  2025-08-01 00:18:00;  2025-08-01 00:18:57
  85:151:6669;  Route_A;               15;          O;           Lausanne, Flon;  2025-08-01 00:20:00;  2025-08-01 00:20:00;    Renens VD, gare;  2025-08-01 00:39:00;  2025-08-01 00:38:34
  85:151:6714;  Route_B;                6;          R;          Renens VD, gare;  2025-08-01 00:22:00;  2025-08-01 00:22:00;  Ecublens VD, EPFL;  2025-08-01 00:28:00;  2025-08-01 00:27:27
  85:151:6625;  Route_D;               10;          O;           Lausanne, Flon;  2025-08-01 00:30:00;  2025-08-01 00:30:00;  Ecublens VD, EPFL;  2025-08-01 00:43:00;  2025-08-01 00:43:44
  85:151:6531;  Route_B;                6;          R;          Renens VD, gare;  2025-08-01 00:32:00;  2025-08-01 00:32:00;  Ecublens VD, EPFL;  2025-08-01 00:38:00;  2025-08-01 00:37:02
  85:151:6670;  Route_B;                6;          R;          Renens VD, gare;  2025-08-01 00:42:00;  2025-08-01 00:42:00;  Ecublens VD, EPFL;  2025-08-01 00:48:00;  2025-08-01 00:47:53
